Phish,url,response url,https,urlLength:<=50,urlLength:<=100,urlLength:>100,Special_char,Title tag,Description tag,Keywords tag,SEO tag name=title,SEO tag name=description,SEO tag name=keywords,SEO tag property=og:title,SEO tag property=og:description,SEO tag property=og:keywords,SEO tag property=og:site,Corp_Rate_All:20,Corp_Rate_All:40,Corp_Rate_All:60,Corp_Rate_All:80,Corp_Rate_All:100,Corp_Rate_Link:20,Corp_Rate_Link:40,Corp_Rate_Link:60,Corp_Rate_Link:80,Corp_Rate_Link:100,Corp_Rate_Script:20,Corp_Rate_Script:40,Corp_Rate_Script:60,Corp_Rate_Script:80,Corp_Rate_Script:100,Corp_Rate_Img:20,Corp_Rate_Img:40,Corp_Rate_Img:60,Corp_Rate_Img:80,Corp_Rate_Img:100,Is_gverify,Is_msverify,Is_twitter,facebook,line,gTLD,HTML_Length<10000
1,https://consultasonliine.org/boloes/,https://consultasonliine.org/cgi-sys/suspendedpage.cgi,1,0,1,0,1,0,0,0,0,0,0,0,0,0,0,0,1,0,0,0,1,0,0,0,0,1,0,0,0,0,1,0,0,0,0,0,0,0,0,0,1,1
1,https://olx.resmalo.cyou/payment/419876afec14/pocztowy,https://olx.resmalo.cyou/payment/419876afec14/pocztowy,1,0,1,0,0,0,0,0,0,0,0,0,0,0,0,0,1,0,0,0,1,0,0,0,0,1,0,0,0,0,1,0,0,0,0,0,0,0,0,0,0,1
1,https://regulariser-peageroute.com/,https://www.lemonde.fr/,1,1,0,0,0,0,0,0,0,0,0,0,0,0,0,1,0,0,0,0,1,0,0,0,0,1,0,0,0,0,1,0,0,0,0,0,0,1,1,0,0,0
1,https://acesse-consultar.vercel.app/,https://acesse-consultar.vercel.app/,1,1,0,0,1,0,0,0,0,0,0,0,0,0,0,1,0,0,0,0,1,0,0,0,0,1,0,0,0,0,1,0,0,0,0,0,0,0,0,0,1,1
1,https://138-68-183-9.cprapid.com/de/update.php,https://138-68-183-9.cprapid.com/de/update.php,1,1,0,0,1,0,0,0,0,0,0,0,0,0,0,1,0,0,0,0,1,0,0,0,0,1,0,0,0,0,1,0,0,0,0,0,0,0,0,0,1,0
1,https://fb-helppline-service.vercel.app/,https://fb-helppline-service.vercel.app/,1,1,0,0,1,0,0,0,0,0,0,0,0,0,0,1,0,0,0,0,1,0,0,0,0,1,0,0,0,0,1,0,0,0,0,0,0,0,0,0,0,1
1,https://4z8.7bd.myftpupload.com/login.php,https://4z8.7bd.myftpupload.com/login.php,1,1,0,0,0,0,0,0,0,0,0,0,0,0,0,1,0,0,0,0,1,0,0,0,0,1,0,0,0,0,1,0,0,0,0,0,0,0,0,0,1,1
1,https://atencionproame.webcindario.com/,https://atencionproame.webcindario.com/,1,1,0,0,0,0,0,0,0,0,0,0,0,0,0,1,0,0,0,0,1,0,0,0,0,1,0,0,0,0,1,0,0,0,0,0,0,0,0,0,1,1
1,https://paso1.webcindario.com/,https://paso1.webcindario.com/,1,1,0,0,0,0,0,0,0,0,0,0,0,0,0,1,0,0,0,0,1,0,0,0,0,1,0,0,0,0,1,0,0,0,0,0,0,0,0,0,1,1
1,https://produban-online.webcindario.com/,https://produban-online.webcindario.com/,1,1,0,0,1,0,0,0,0,0,0,0,0,0,0,1,0,0,0,0,1,0,0,0,0,1,0,0,0,0,1,0,0,0,0,0,0,0,0,0,1,1
1,https://jakdo-40051.web.app,https://jakdo-40051.web.app/,1,1,0,0,1,0,0,0,0,0,0,0,0,0,0,1,0,0,0,0,1,0,0,0,0,1,0,0,0,0,1,0,0,0,0,0,0,0,0,0,0,1
1,https://kalsoer.web.app,https://kalsoer.web.app/,1,1,0,0,0,0,0,0,0,0,0,0,0,0,0,1,0,0,0,0,1,0,0,0,0,1,0,0,0,0,1,0,0,0,0,0,0,0,0,0,0,1
1,https://adac-angebote.educadavinci.org/,https://en.wikipedia.org/wiki/Main_Page,1,1,0,0,1,0,0,0,0,0,0,0,0,0,0,1,0,0,0,0,1,0,0,0,0,1,0,0,0,0,1,0,0,0,0,0,0,0,0,0,1,0
1,https://amex.herparenz.com/,https://amex.herparenz.com/,1,1,0,0,0,0,0,0,0,0,0,0,0,0,0,1,0,0,0,0,1,0,0,0,0,1,0,0,0,0,1,0,0,0,0,0,0,0,0,0,1,1
1,http://rt3n27kzu.duckdns.org,http://rt3n27kzu.duckdns.org/,0,1,0,0,0,0,0,0,0,0,0,0,0,0,0,1,0,0,0,0,1,0,0,0,0,1,0,0,0,0,1,0,0,0,0,0,0,0,0,0,1,1
1,http://y0vzx6r.duckdns.org,http://y0vzx6r.duckdns.org/,0,1,0,0,0,0,0,0,0,0,0,0,0,0,0,1,0,0,0,0,1,0,0,0,0,1,0,0,0,0,1,0,0,0,0,0,0,0,0,0,1,1
1,https://wordpress-1561665-6062079.cloudwaysapps.com/wzosdf/auth/log.php,https://wordpress-1561665-6062079.cloudwaysapps.com/wzosdf/auth/log.php,1,0,1,0,1,0,0,0,0,0,0,0,0,0,0,1,0,0,0,0,1,0,0,0,0,1,0,0,0,0,1,0,0,0,0,0,0,0,0,0,1,0
1,https://02307nhg6hlkk2440019sl0l.blogspot.com/,https://02307nhg6hlkk2440019sl0l.blogspot.com/,1,1,0,0,0,0,0,0,0,0,0,0,0,0,0,1,0,0,0,0,0,1,0,0,0,1,0,0,0,0,1,0,0,0,0,0,0,0,0,0,1,0
1,https://updated-personal-projects.appwrite.network/#ddennypfmold@163.com,https://updated-personal-projects.appwrite.network/#ddennypfmold@163.com,1,0,1,0,1,0,0,0,0,0,0,0,0,0,0,1,0,0,0,0,1,0,0,0,0,1,0,0,0,0,1,0,0,0,0,0,0,0,0,0,1,0
1,https://falabella8clnts.webcindario.com/,https://falabella8clnts.webcindario.com/,1,1,0,0,0,0,0,0,0,0,0,0,0,0,0,1,0,0,0,0,1,0,0,0,0,1,0,0,0,0,1,0,0,0,0,0,0,0,0,0,1,1
1,https://falabella6clnts.webcindario.com/,https://falabella6clnts.webcindario.com/,1,1,0,0,0,0,0,0,0,0,0,0,0,0,0,1,0,0,0,0,1,0,0,0,0,1,0,0,0,0,1,0,0,0,0,0,0,0,0,0,1,1
1,https://falabella2clnts.webcindario.com/,https://falabella2clnts.webcindario.com/,1,1,0,0,0,0,0,0,0,0,0,0,0,0,0,1,0,0,0,0,1,0,0,0,0,1,0,0,0,0,1,0,0,0,0,0,0,0,0,0,1,1
1,https://falabellaaclnts2.webcindario.com/,https://falabellaaclnts2.webcindario.com/,1,1,0,0,0,0,0,0,0,0,0,0,0,0,0,1,0,0,0,0,1,0,0,0,0,1,0,0,0,0,1,0,0,0,0,0,0,0,0,0,1,1
1,https://falabella3clntss.webcindario.com/,https://falabella3clntss.webcindario.com/,1,1,0,0,0,0,0,0,0,0,0,0,0,0,0,1,0,0,0,0,1,0,0,0,0,1,0,0,0,0,1,0,0,0,0,0,0,0,0,0,1,1
1,https://ingresarbhd1.webcindario.com,https://ingresarbhd1.webcindario.com/,1,1,0,0,0,0,0,0,0,0,0,0,0,0,0,1,0,0,0,0,1,0,0,0,0,1,0,0,0,0,1,0,0,0,0,0,0,0,0,0,1,1
1,https://telstraaccountrecovoreysystem.framer.website/,https://telstraaccountrecovoreysystem.framer.website/,1,0,1,0,0,0,0,0,0,0,0,0,0,0,0,0,1,0,0,0,0,1,0,0,0,1,0,0,0,0,1,0,0,0,0,0,0,1,0,0,1,0
1,https://systeminfo98563.wixsite.com/my-site-1,https://systeminfo98563.wixsite.com/my-site-1,1,1,0,0,1,0,0,0,0,0,0,0,0,0,0,1,0,0,0,0,0,1,0,0,0,1,0,0,0,0,1,0,0,0,0,0,0,1,0,0,1,0
1,https://systeminfo98563.wixsite.com/my-site-1/,https://systeminfo98563.wixsite.com/my-site-1/,1,1,0,0,1,0,0,0,0,0,0,0,0,0,0,1,0,0,0,0,0,1,0,0,0,1,0,0,0,0,1,0,0,0,0,0,0,1,0,0,1,0
1,https://mailbox00.pythonanywhere.com/,https://mailbox00.pythonanywhere.com/,1,1,0,0,0,0,0,0,0,0,0,0,0,0,0,1,0,0,0,0,1,0,0,0,0,1,0,0,0,0,1,0,0,0,0,0,0,0,0,0,1,0
1,https://mywcwellness.com/wp-content/pakketinfo/,https://mywcwellness.com/wp-content/pakketinfo/,1,1,0,0,1,0,0,0,0,0,0,0,0,0,0,1,0,0,0,0,1,0,0,0,0,1,0,0,0,0,1,0,0,0,0,0,0,0,0,0,1,1
1,https://mywcwellness.com/wp-content/pakketinfo/ch/,https://mywcwellness.com/wp-content/pakketinfo/ch/,1,1,0,0,1,0,0,0,0,0,0,0,0,0,0,1,0,0,0,0,1,0,0,0,0,1,0,0,0,0,1,0,0,0,0,0,0,0,1,0,1,0
1,https://mywcwellness.reishouses.com/wp-content/pakketinfo/,https://mywcwellness.reishouses.com/wp-content/pakketinfo/,1,0,1,0,1,0,0,0,0,0,0,0,0,0,0,1,0,0,0,0,1,0,0,0,0,1,0,0,0,0,1,0,0,0,0,0,0,0,0,0,1,1
1,https://mywcwellness.reishouses.com/wp-content/pakketinfo/ch/,https://mywcwellness.reishouses.com/wp-content/pakketinfo/ch/,1,0,1,0,1,0,0,0,0,0,0,0,0,0,0,1,0,0,0,0,1,0,0,0,0,1,0,0,0,0,1,0,0,0,0,0,0,0,1,0,1,0
1,https://sshippingline.com/wp/wp-admin/maint/index.html,https://sshippingline.com/wp/wp-admin/maint/index.html,1,0,1,0,1,0,0,0,0,0,0,0,0,0,0,1,0,0,0,0,1,0,0,0,0,1,0,0,0,0,1,0,0,0,0,0,0,0,0,0,1,0
1,https://servicetreasurymandt.vercel.app/,https://servicetreasurymandt.vercel.app/,1,1,0,0,0,0,0,0,0,0,0,0,0,0,0,1,0,0,0,0,1,0,0,0,0,1,0,0,0,0,1,0,0,0,0,0,0,0,0,0,0,0
1,https://dazzling-luxury.com/,https://dazzling-luxury.com/,1,1,0,0,1,0,0,0,0,0,0,0,0,0,0,1,0,0,0,0,1,0,0,0,0,1,0,0,0,0,1,0,0,0,0,0,0,0,0,0,1,1
1,https://ultimasemanafeiraoserasa.vercel.app/serasa/ultimasemanafeiraonovo/ofertas.html,https://ultimasemanafeiraoserasa.vercel.app/serasa/ultimasemanafeiraonovo/ofertas.html,1,0,1,0,0,0,0,0,0,0,0,0,0,0,0,1,0,0,0,0,1,0,0,0,0,1,0,0,0,0,1,0,0,0,0,0,0,0,0,0,0,0
1,https://oyster-app-xw3ky.ondigitalocean.app/,https://oyster-app-xw3ky.ondigitalocean.app/,1,1,0,0,1,0,0,0,0,0,0,0,0,0,0,1,0,0,0,0,1,0,0,0,0,1,0,0,0,0,1,0,0,0,0,0,0,0,0,0,0,0
1,https://peeldsb-rnicrosoft-login.work.gd/,https://peeldsb-rnicrosoft-login.work.gd/,1,1,0,0,1,0,0,0,0,0,0,0,0,0,0,1,0,0,0,0,1,0,0,0,0,1,0,0,0,0,1,0,0,0,0,0,0,0,0,0,0,1
1,https://desconto-aplicado.vercel.app/,https://desconto-aplicado.vercel.app/,1,1,0,0,1,0,0,0,0,0,0,0,0,0,0,1,0,0,0,0,1,0,0,0,0,1,0,0,0,0,1,0,0,0,0,0,0,0,0,0,1,1
1,https://webmail.4-149-9-56.cprapid.com/?verify,https://webmail.4-149-9-56.cprapid.com/?verify,1,1,0,0,1,0,0,0,0,0,0,0,0,0,0,1,0,0,0,0,1,0,0,0,0,1,0,0,0,0,1,0,0,0,0,0,0,0,0,0,1,1
1,https://flowcode.com/p/e8sXU9jWpP,https://app.flowcode.com/404/code-not-found,1,1,0,0,1,1,0,0,0,0,0,0,0,0,0,0,1,0,0,0,0,1,0,0,0,1,0,0,0,0,1,0,0,0,0,1,0,0,0,0,1,0
1,http://securewesternalliance.vercel.app,https://securewesternalliance.vercel.app/,1,1,0,0,0,0,0,0,0,0,0,0,0,0,0,1,0,0,0,0,1,0,0,0,0,1,0,0,0,0,1,0,0,0,0,0,0,0,0,0,0,1
1,https://plastik77.net/wp-content/litespeed/,https://plastik77.net/wp-content/litespeed/,1,1,0,0,1,0,0,0,0,0,0,0,0,0,0,1,0,0,0,0,1,0,0,0,0,1,0,0,0,0,1,0,0,0,0,0,0,0,0,0,1,1
1,https://flowcode.com/p/e8Rr64L0kD,https://cpconatac-180212942.sbs/?secure,1,1,0,0,1,0,0,0,0,0,0,0,0,0,0,1,0,0,0,0,1,0,0,0,0,1,0,0,0,0,1,0,0,0,0,0,0,0,0,0,1,1
1,https://pr-7831.1inch-io-app.pages.dev/,https://pr-7831.1inch-io-app.pages.dev/,1,1,0,0,1,0,0,0,0,0,0,0,0,0,0,1,0,0,0,0,1,0,0,0,0,1,0,0,0,0,1,0,0,0,0,0,0,1,0,0,0,0
1,https://bafybeibiru73a22lhi25q3w3fqjiyn3wrod5bsaqlzrkgj6nz6lqciqr3a.ipfs.dweb.link/82173ap.html/,https://bafybeibiru73a22lhi25q3w3fqjiyn3wrod5bsaqlzrkgj6nz6lqciqr3a.ipfs.dweb.link/82173ap.html/,1,0,1,0,0,0,0,0,0,0,0,0,0,0,0,1,0,0,0,0,1,0,0,0,0,1,0,0,0,0,1,0,0,0,0,0,0,0,0,0,0,0
1,https://mjp.ucp.mybluehost.me/es/sant/login.php,https://mjp.ucp.mybluehost.me/cgi-sys/suspendedpage.cgi,1,0,1,0,1,0,0,0,0,0,0,0,0,0,0,1,0,0,0,0,1,0,0,0,0,1,0,0,0,0,1,0,0,0,0,0,0,0,0,0,0,1
1,https://rva.ann.mybluehost.me/;ukk/update/,https://rva.ann.mybluehost.me/;ukk/update/,1,1,0,0,0,0,0,0,0,0,0,0,0,0,0,1,0,0,0,0,1,0,0,0,0,1,0,0,0,0,1,0,0,0,0,0,0,0,0,0,0,0
1,https://kayanalgemah.com/css/mycss/step5.php/,https://kayanalgemah.com/css/mycss/step5.php/,1,1,0,0,0,0,0,0,0,0,0,0,0,0,0,1,0,0,0,0,1,0,0,0,0,1,0,0,0,0,1,0,0,0,0,0,0,0,0,0,1,0
1,https://cr941593.tw1.ru/AGR/pages/region.php?lca#,https://vh456.timeweb.ru/blocked/?ref=cr941593.tw1.ru,1,0,1,0,0,0,0,0,0,0,0,0,0,0,0,1,0,0,0,0,1,0,0,0,0,1,0,0,0,0,1,0,0,0,0,0,0,0,1,0,0,0
1,https://tole23fgjk.wixsite.com/my-site-1,https://tole23fgjk.wixsite.com/my-site-1,1,1,0,0,1,0,0,0,0,0,0,0,0,0,0,1,0,0,0,0,0,1,0,0,0,1,0,0,0,0,1,0,0,0,0,0,0,1,0,0,1,0
1,https://l.wl.co/l?u=https://qr-codes.io/xZx7HO,https://l.wl.co/l?u=https://qr-codes.io/xZx7HO,1,1,0,0,1,0,0,0,0,0,0,0,0,0,0,1,0,0,0,0,1,0,0,0,0,1,0,0,0,0,1,0,0,0,0,0,0,0,0,0,1,1
1,https://qr-codes.io/xZx7HO,https://qr-codes.io/xZx7HO,1,1,0,0,1,0,0,0,0,0,0,0,0,0,0,1,0,0,0,0,1,0,0,0,0,1,0,0,0,0,1,0,0,0,0,0,0,0,1,0,1,1
1,https://qr-codes.io/qSlNTp,https://qr-codes.io/qSlNTp,1,1,0,0,1,0,0,0,0,0,0,0,0,0,0,1,0,0,0,0,1,0,0,0,0,1,0,0,0,0,1,0,0,0,0,0,0,0,1,0,1,1
1,https://qr-codes.io/06psCF,https://qr-codes.io/06psCF,1,1,0,0,1,0,0,0,0,0,0,0,0,0,0,1,0,0,0,0,1,0,0,0,0,1,0,0,0,0,1,0,0,0,0,0,0,0,1,0,1,1
1,https://07b2de30-6aad-4a6a-b184-3a6ad121f880-00-289vue4ska7yv.janeway.replit.dev/,https://07b2de30-6aad-4a6a-b184-3a6ad121f880-00-289vue4ska7yv.janeway.replit.dev/,1,0,1,0,1,0,0,0,0,0,0,0,0,0,0,1,0,0,0,0,1,0,0,0,0,1,0,0,0,0,1,0,0,0,0,0,0,0,0,0,0,0
1,https://did.li/-Mizrahitefahot-online,https://did.li/secure/,1,1,0,0,0,0,0,0,0,0,0,0,0,0,0,1,0,0,0,0,1,0,0,0,0,1,0,0,0,0,1,0,0,0,0,0,0,0,0,0,0,1
1,https://zynquil.za.com/Mizrahi-t/,https://zynquil.za.com/Mizrahi-t/,1,1,0,0,1,0,0,0,0,0,0,0,0,0,0,1,0,0,0,0,1,0,0,0,0,1,0,0,0,0,1,0,0,0,0,0,0,0,0,0,1,1
1,https://qrco.de/bgVd3n,https://qrco.de/bgVd3n,1,1,0,0,0,0,0,0,0,0,0,0,0,0,0,1,0,0,0,0,1,0,0,0,0,1,0,0,0,0,1,0,0,0,0,1,0,0,0,0,1,1
1,https://q-r.to/bgVd3n,https://q-r.to/bgVd3n,1,1,0,0,1,0,0,0,0,0,0,0,0,0,0,1,0,0,0,0,1,0,0,0,0,1,0,0,0,0,1,0,0,0,0,1,0,0,0,0,0,1
1,https://l.ead.me/bgVd3n,https://l.ead.me/bgVd3n,1,1,0,0,0,0,0,0,0,0,0,0,0,0,0,1,0,0,0,0,1,0,0,0,0,1,0,0,0,0,1,0,0,0,0,1,0,0,0,0,0,1
1,https://external.corsivalab.xyz/sumup/web/login.php,https://external.corsivalab.xyz/sumup/web/login.php,1,0,1,0,0,0,0,0,0,0,0,0,0,0,0,1,0,0,0,0,1,0,0,0,0,1,0,0,0,0,1,0,0,0,0,0,0,0,0,0,1,0
1,https://virgney.jdevcloud.com/wp-admin/CORR/SS/corr/corr.php,https://virgney.jdevcloud.com/wp-admin/CORR/SS/corr/corr.php,1,0,1,0,1,0,0,0,0,0,0,0,0,0,0,1,0,0,0,0,1,0,0,0,0,1,0,0,0,0,1,0,0,0,0,0,0,0,0,0,1,1
1,https://qrco.de/bgWBRC,https://qrco.de/bgWBRC,1,1,0,0,0,0,0,0,0,0,0,0,0,0,0,1,0,0,0,0,1,0,0,0,0,1,0,0,0,0,1,0,0,0,0,1,0,0,0,0,1,1
1,https://q-r.to/bgWBRC,https://q-r.to/bgWBRC,1,1,0,0,1,0,0,0,0,0,0,0,0,0,0,1,0,0,0,0,1,0,0,0,0,1,0,0,0,0,1,0,0,0,0,1,0,0,0,0,0,1
1,https://l.ead.me/bgWBRC,https://l.ead.me/bgWBRC,1,1,0,0,0,0,0,0,0,0,0,0,0,0,0,1,0,0,0,0,1,0,0,0,0,1,0,0,0,0,1,0,0,0,0,1,0,0,0,0,0,1
1,http://srv244722.hoster-test.ru/correosclean/cor2K25/corr/corr.php,http://srv244722.hoster-test.ru/correosclean/cor2K25/corr/corr.php,0,0,1,0,1,0,0,0,0,0,0,0,0,0,0,1,0,0,0,0,1,0,0,0,0,1,0,0,0,0,1,0,0,0,0,0,0,0,0,0,1,1
1,https://t.co/FCnopZGsiI,https://zgp.pfz.mybluehost.me/SumupServi/web/login.php,1,0,1,0,0,0,0,0,0,0,0,0,0,0,0,1,0,0,0,0,0,1,0,0,0,1,0,0,0,0,1,0,0,0,0,0,0,0,0,0,0,0
1,https://t.co/ShMpsGVBA6,https://networkservicio34.wpdevcloud.com/wp-content/uploads/2025/11/infos/corr/corr.php,1,0,1,0,1,1,0,0,0,0,0,0,0,0,0,1,0,0,0,0,0,1,0,0,0,1,0,0,0,0,1,0,0,0,0,0,0,0,0,0,1,1
1,https://t.co/A7I0saT9v1,https://masukomu.onamaeweb.jp/edit-cards/max.co.il/total/,1,0,1,0,1,0,0,0,0,0,0,0,0,0,0,1,0,0,0,0,1,0,0,0,0,1,0,0,0,0,1,0,0,0,0,0,0,0,0,0,1,0
1,https://t.co/1R4eDDnJKB,https://masukomu.onamaeweb.jp/edit-card/max.co.il/total/,1,0,1,0,1,0,0,0,0,0,0,0,0,0,0,1,0,0,0,0,1,0,0,0,0,1,0,0,0,0,1,0,0,0,0,0,0,0,0,0,1,0
1,https://t.co/H6W6iIO06D,https://masukomu.onamaeweb.jp/cards/max.co.il/total/,1,0,1,0,0,0,0,0,0,0,0,0,0,0,0,1,0,0,0,0,1,0,0,0,0,1,0,0,0,0,1,0,0,0,0,0,0,0,0,0,1,0
1,https://t.co/Bqc7Yrswwf,https://carleighgold.com/help/arg/te,1,1,0,0,0,0,0,0,0,0,0,0,0,0,0,1,0,0,0,0,1,0,0,0,0,1,0,0,0,0,1,0,0,0,0,0,0,0,0,0,1,1
1,https://maga6n.com/pages/mobile/login/index?redirect=/pages/index/index,https://maga6n.com/pages/mobile/login/index?redirect=/pages/index/index,1,0,1,0,0,0,0,0,0,0,0,0,0,0,0,1,0,0,0,0,1,0,0,0,0,1,0,0,0,0,1,0,0,0,0,0,0,0,0,0,1,1
1,https://maga6n.com/pages/mobile/login/index,https://maga6n.com/pages/mobile/login/index,1,1,0,0,0,0,0,0,0,0,0,0,0,0,0,1,0,0,0,0,1,0,0,0,0,1,0,0,0,0,1,0,0,0,0,0,0,0,0,0,1,1
1,https://santnder.app/,https://santnder.app/,1,1,0,0,0,0,0,0,0,0,0,0,0,0,0,1,0,0,0,0,1,0,0,0,0,1,0,0,0,0,1,0,0,0,0,0,0,0,0,0,0,1
1,https://beneficiosparticipeya.vercel.app/,https://beneficiosparticipeya.vercel.app/,1,1,0,0,0,0,0,0,0,0,0,0,0,0,0,1,0,0,0,0,1,0,0,0,0,1,0,0,0,0,1,0,0,0,0,0,0,0,0,0,0,1
1,https://participeonlinenica-93ac758a7bc2.herokuapp.com,https://participeonlinenica-93ac758a7bc2.herokuapp.com/,1,0,1,0,1,0,0,0,0,0,0,0,0,0,0,1,0,0,0,0,1,0,0,0,0,1,0,0,0,0,1,0,0,0,0,0,0,0,0,0,1,1
1,https://bellsouth-att-sign-in-4b8c33.webflow.io/,https://bellsouth-att-sign-in-4b8c33.webflow.io/,1,1,0,0,1,0,0,0,0,0,0,0,0,0,0,1,0,0,0,0,0,1,0,0,0,1,0,0,0,0,1,0,0,0,0,0,0,0,0,0,0,1
1,https://caja-areqp.vercel.app/,https://caja-areqp.vercel.app/,1,1,0,0,1,0,0,0,0,0,0,0,0,0,0,1,0,0,0,0,1,0,0,0,0,1,0,0,0,0,1,0,0,0,0,0,0,0,0,0,0,0
1,https://cuscatlan.soteica.io/bancawebuat/inicio.aspx,https://cuscatlan.soteica.io/bancawebuat/inicio.aspx,1,0,1,0,0,0,0,0,0,0,0,0,0,0,0,1,0,0,0,0,1,0,0,0,0,1,0,0,0,0,1,0,0,0,0,0,0,0,0,0,0,0
1,https://dkb-helpdesk.justns.ru/dkb_2025/login.php,https://dkb-helpdesk.justns.ru/dkb_2025/login.php,1,1,0,0,1,0,0,0,0,0,0,0,0,0,0,1,0,0,0,0,1,0,0,0,0,1,0,0,0,0,1,0,0,0,0,0,0,0,0,0,0,1
1,https://sigfdghbnvcgfftyu6757867rkin7865435.vercel.app/#a@b.com,https://sigfdghbnvcgfftyu6757867rkin7865435.vercel.app/#a@b.com,1,0,1,0,1,0,0,0,0,0,0,0,0,0,0,1,0,0,0,0,1,0,0,0,0,1,0,0,0,0,1,0,0,0,0,0,0,0,0,0,1,0
1,https://binac-ta.net/QTeuUe,https://binac-ta.net/QTeuUe,1,1,0,0,1,0,0,0,0,0,0,0,0,0,0,1,0,0,0,0,1,0,0,0,0,1,0,0,0,0,1,0,0,0,0,0,0,0,0,0,1,1
1,https://okr7v71jj.com/QTeuUe,https://okr7v71jj.com/QTeuUe,1,1,0,0,0,0,0,0,0,0,0,0,0,0,0,1,0,0,0,0,1,0,0,0,0,1,0,0,0,0,1,0,0,0,0,0,0,0,0,0,1,1
1,https://seechengdu.com/QTeuUe,https://seechengdu.com/QTeuUe,1,1,0,0,0,0,0,0,0,0,0,0,0,0,0,1,0,0,0,0,1,0,0,0,0,1,0,0,0,0,1,0,0,0,0,0,0,0,0,0,1,1
1,https://eki-netanccues.zjmqc.com/com/eki-login,https://eki-netanccues.zjmqc.com/com/eki-login,1,1,0,0,1,0,0,0,0,0,0,0,0,0,0,1,0,0,0,0,1,0,0,0,0,1,0,0,0,0,1,0,0,0,0,0,0,0,0,0,1,1
1,https://dub.sh/aC36FsR,https://dub.sh/aC36FsR,1,1,0,0,0,1,0,0,0,0,0,0,0,0,0,0,1,0,0,0,0,1,0,0,0,1,0,0,0,0,1,0,0,0,0,0,0,1,0,0,0,0
1,https://bellsouth-att-sign-in-verification.webflow.io/,https://bellsouth-att-sign-in-verification.webflow.io/,1,0,1,0,1,0,0,0,0,0,0,0,0,0,0,1,0,0,0,0,0,1,0,0,0,1,0,0,0,0,1,0,0,0,0,0,0,0,0,0,0,1
1,https://arubaid.sviluppo.host/index.html,https://arubaid.sviluppo.host/index.html,1,1,0,0,0,0,0,0,0,0,0,0,0,0,0,1,0,0,0,0,1,0,0,0,0,1,0,0,0,0,1,0,0,0,0,0,0,0,0,0,0,0
1,https://www.maga6n.com/,https://www.maga6n.com/,1,1,0,0,0,0,0,0,0,0,0,0,0,0,0,1,0,0,0,0,1,0,0,0,0,1,0,0,0,0,1,0,0,0,0,0,0,0,0,0,1,1
1,https://maga6n.com/,https://maga6n.com/,1,1,0,0,0,0,0,0,0,0,0,0,0,0,0,1,0,0,0,0,1,0,0,0,0,1,0,0,0,0,1,0,0,0,0,0,0,0,0,0,1,1
1,https://trezorwalletsupport.com/captcha/,https://trezorwalletsupport.com/captcha/,1,1,0,0,0,0,0,0,0,0,0,0,0,0,0,1,0,0,0,0,1,0,0,0,0,1,0,0,0,0,1,0,0,0,0,0,0,0,0,0,1,1
1,https://sfjskfdizekhzefnbezezoifuoeziufezf.hosted.phplist.com/,https://sfjskfdizekhzefnbezezoifuoeziufezf.hosted.phplist.com/lists/,1,0,1,0,0,0,0,0,0,0,0,0,0,0,0,0,1,0,0,0,0,1,0,0,0,1,0,0,0,0,1,0,0,0,0,0,0,0,0,0,1,1
1,https://www.surveymonkey.com/tr/v1/te/AHXAgYDjiWJSPB3zlPl2In_2Fa51qzcOLRRVMFNjHt2X3LD9SD59kZKZqTYWK2XtymYZwHweIBPnaK_2BFoNX_2B9oKVCQziDbe5FBPeRjN_2BX2j1_2B_2FIlItBQnxs8DleME06bKKsVUOUkOhHN_2FqKZAnjBuI5eve647NA0obgvWm5OFXPhDI1NaZKvKFDVyfm7Sama1GVYZfcmNglfDHYhrkM4FJ7FsQteKU40KhLqqzMj7_2BEjaIADAfBWyzW9eSkT_2BXpanJN0Vd_2B7_2FAxvn_2Bb6VpYn90eQ_3D_3D,https://sfjskfdizekhzefnbezezoifuoeziufezf.hosted.phplist.com/lists/?p=subscribe&id=1,1,0,1,0,0,0,0,0,0,0,0,0,0,0,0,1,0,0,0,0,1,0,0,0,0,1,0,0,0,0,1,0,0,0,0,0,0,0,0,0,1,1
1,https://antai-serviceconfirmationdedossier.alicepairan.com/tai/redirect,https://antai-serviceconfirmationdedossier.alicepairan.com/tai/redirect,1,0,1,0,1,0,0,0,0,0,0,0,0,0,0,1,0,0,0,0,1,0,0,0,0,1,0,0,0,0,1,0,0,0,0,0,0,0,0,0,1,1
1,https://gbk168.net/wp-content/upgrade/,https://gbk168.net/wp-content/upgrade/,1,1,0,0,1,0,0,0,0,0,0,0,0,0,0,1,0,0,0,0,1,0,0,0,0,1,0,0,0,0,1,0,0,0,0,0,0,0,0,0,1,1
1,https://dkbonline05.sviluppo.host/de/content/login.php,https://dkbonline05.sviluppo.host/de/content/login.php,1,0,1,0,0,0,0,0,0,0,0,0,0,0,0,1,0,0,0,0,1,0,0,0,0,1,0,0,0,0,1,0,0,0,0,0,0,0,0,0,1,1
1,https://olx-pl.biwazlo.cyou/payment/d10a9828fe2c/velo,https://olx-pl.biwazlo.cyou/payment/d10a9828fe2c/velo,1,0,1,0,1,0,0,0,0,0,0,0,0,0,0,0,1,0,0,0,1,0,0,0,0,1,0,0,0,0,1,0,0,0,0,0,0,0,0,0,0,1
1,https://olx-pl.biwazlo.cyou/payment/d10a9828fe2c/pocztowy,https://olx-pl.biwazlo.cyou/payment/d10a9828fe2c/pocztowy,1,0,1,0,1,0,0,0,0,0,0,0,0,0,0,0,1,0,0,0,1,0,0,0,0,1,0,0,0,0,1,0,0,0,0,0,0,0,0,0,0,1
1,https://olx-pl.biwazlo.cyou/payment/d10a9828fe2c/ing,https://olx-pl.biwazlo.cyou/payment/d10a9828fe2c/ing,1,0,1,0,1,0,0,0,0,0,0,0,0,0,0,0,1,0,0,0,1,0,0,0,0,1,0,0,0,0,1,0,0,0,0,0,0,0,0,0,0,1
1,https://olx-pl.biwazlo.cyou/payment/d10a9828fe2c/mbank,https://olx-pl.biwazlo.cyou/payment/d10a9828fe2c/mbank,1,0,1,0,1,0,0,0,0,0,0,0,0,0,0,0,1,0,0,0,1,0,0,0,0,1,0,0,0,0,1,0,0,0,0,0,0,0,0,0,0,1
1,https://olx-pl.biwazlo.cyou/payment/d10a9828fe2c/citi,https://olx-pl.biwazlo.cyou/payment/d10a9828fe2c/citi,1,0,1,0,1,0,0,0,0,0,0,0,0,0,0,0,1,0,0,0,1,0,0,0,0,1,0,0,0,0,1,0,0,0,0,0,0,0,0,0,0,1
1,https://olx-pl.biwazlo.cyou/payment/d10a9828fe2c/bos,https://olx-pl.biwazlo.cyou/payment/d10a9828fe2c/bos,1,0,1,0,1,0,0,0,0,0,0,0,0,0,0,0,1,0,0,0,1,0,0,0,0,1,0,0,0,0,1,0,0,0,0,0,0,0,0,0,0,1
1,https://olx-pl.biwazlo.cyou/payment/d10a9828fe2c/bnp-paribas,https://olx-pl.biwazlo.cyou/payment/d10a9828fe2c/bnp-paribas,1,0,1,0,1,0,0,0,0,0,0,0,0,0,0,0,1,0,0,0,1,0,0,0,0,1,0,0,0,0,1,0,0,0,0,0,0,0,0,0,0,1
1,https://olx-pl.biwazlo.cyou/payment/d10a9828fe2c/alior,https://olx-pl.biwazlo.cyou/payment/d10a9828fe2c/alior,1,0,1,0,1,0,0,0,0,0,0,0,0,0,0,0,1,0,0,0,1,0,0,0,0,1,0,0,0,0,1,0,0,0,0,0,0,0,0,0,0,1
1,https://olx-pl.biwazlo.cyou/payment/d10a9828fe2c/ipko,https://olx-pl.biwazlo.cyou/payment/d10a9828fe2c/ipko,1,0,1,0,1,0,0,0,0,0,0,0,0,0,0,0,1,0,0,0,1,0,0,0,0,1,0,0,0,0,1,0,0,0,0,0,0,0,0,0,0,1
1,http://4b6dfwg4v56fdb456df6g.scrapper-site.net,https://manage-hostingaruba.2fa-account2645.net/index.html,1,0,1,0,1,0,0,0,0,0,0,0,0,0,0,1,0,0,0,0,1,0,0,0,0,1,0,0,0,0,1,0,0,0,0,0,0,0,0,0,1,1
1,https://refactored-giggle.vercel.app/,https://refactored-giggle.vercel.app/,1,1,0,0,1,0,0,0,0,0,0,0,0,0,0,1,0,0,0,0,1,0,0,0,0,1,0,0,0,0,1,0,0,0,0,0,0,0,0,0,0,0
1,https://desibel.com/diller/wp-includes/fonts/normal/login.html?cmd=login_submit&id=2ec5738424c852acb29f68bec3b547062ec5738424c852acb29f68bec3b54706&session=2ec5738424c852acb29f68bec3b547062ec5738424c852acb29f68bec3b54706,https://desibel.com/diller/wp-includes/fonts/normal/login.html?cmd=login_submit&id=2ec5738424c852acb29f68bec3b547062ec5738424c852acb29f68bec3b54706&session=2ec5738424c852acb29f68bec3b547062ec5738424c852acb29f68bec3b54706,1,0,0,1,1,0,0,0,0,0,0,0,0,0,0,1,0,0,0,0,1,0,0,0,0,1,0,0,0,0,1,0,0,0,0,0,0,0,0,0,1,0
1,https://desibel.com/diller/wp-includes/fonts/normal,https://desibel.com/diller/wp-includes/fonts/normal/login.html?cmd=login_submit&id=6a557848754dbd3499456a15c79f2b806a557848754dbd3499456a15c79f2b80&session=6a557848754dbd3499456a15c79f2b806a557848754dbd3499456a15c79f2b80,1,0,0,1,1,0,0,0,0,0,0,0,0,0,0,1,0,0,0,0,1,0,0,0,0,1,0,0,0,0,1,0,0,0,0,0,0,0,0,0,1,0
1,https://desibel.com/diller/wp-includes/fonts/normal/login.html,https://desibel.com/diller/wp-includes/fonts/normal/login.html,1,0,1,0,1,0,0,0,0,0,0,0,0,0,0,1,0,0,0,0,1,0,0,0,0,1,0,0,0,0,1,0,0,0,0,0,0,0,0,0,1,0
1,https://excel-pied-omega.vercel.app/excel1.html,https://excel-pied-omega.vercel.app/excel1.html,1,1,0,0,1,0,0,0,0,0,0,0,0,0,0,1,0,0,0,0,1,0,0,0,0,1,0,0,0,0,1,0,0,0,0,0,0,0,0,0,0,0
1,https://ipfs.io/ipfs/bafkreiffddvbp6disumwe2eocy4hbz3dmzh6crxydvogx5l7xvrxtsgp6m,https://ipfs.io/ipfs/bafkreiffddvbp6disumwe2eocy4hbz3dmzh6crxydvogx5l7xvrxtsgp6m,1,0,1,0,0,0,0,0,0,0,0,0,0,0,0,1,0,0,0,0,1,0,0,0,0,1,0,0,0,0,1,0,0,0,0,0,0,0,0,0,0,0
1,https://cucoin-logi.godaddysites.com/,https://cucoin-logi.godaddysites.com/,1,1,0,0,1,0,0,0,0,0,0,0,0,0,0,1,0,0,0,0,1,0,0,0,0,1,0,0,0,0,1,0,0,0,0,0,0,1,0,0,1,0
1,https://jubilant-octo-guide-nine.vercel.app/,https://jubilant-octo-guide-nine.vercel.app/,1,1,0,0,1,0,0,0,0,0,0,0,0,0,0,1,0,0,0,0,1,0,0,0,0,1,0,0,0,0,1,0,0,0,0,0,0,0,0,0,0,0
1,https://ledger-login-us-wallet.vercel.app/,https://ledger-login-us-wallet.vercel.app/,1,1,0,0,1,0,0,0,0,0,0,0,0,0,0,1,0,0,0,0,1,0,0,0,0,1,0,0,0,0,1,0,0,0,0,0,0,0,0,0,0,0
1,http://gemniilloginn.webflow.io,https://gemniilloginn.webflow.io/,1,1,0,0,0,0,0,0,0,0,0,0,0,0,0,1,0,0,0,0,0,1,0,0,0,1,0,0,0,0,1,0,0,0,0,0,0,0,0,0,0,1
1,http://gaminilog.webflow.io,https://gaminilog.webflow.io/,1,1,0,0,0,0,0,0,0,0,0,0,0,0,0,1,0,0,0,0,0,1,0,0,0,1,0,0,0,0,1,0,0,0,0,0,0,1,0,0,0,1
1,https://www.madexpro.com.ar/CardOnline/,https://www.madexpro.com.ar/CardOnline/,1,1,0,0,0,0,0,0,0,0,0,0,0,0,0,1,0,0,0,0,1,0,0,0,0,1,0,0,0,0,1,0,0,0,0,0,0,0,0,0,1,1
1,https://securelogins.netlify.app/webmailoutlook.html?email=x@x.com,https://securelogins.netlify.app/webmailoutlook.html?email=x@x.com,1,0,1,0,1,0,0,0,0,0,0,0,0,0,0,1,0,0,0,0,1,0,0,0,0,1,0,0,0,0,1,0,0,0,0,0,0,0,0,0,1,1
1,https://ultimasemanafeiraonovo.vercel.app/atendimento?utm_source=organic&amp;utm_campaign&amp;utm_medium&amp;utm_content&amp;utm_term&amp;xcod&amp;sck&amp;cpf=05669770528,https://ultimasemanafeiraonovo.vercel.app/atendimento?utm_source=organic&amp;utm_campaign&amp;utm_medium&amp;utm_content&amp;utm_term&amp;xcod&amp;sck&amp;cpf=05669770528,1,0,0,1,1,0,0,0,0,0,0,0,0,0,0,1,0,0,0,0,1,0,0,0,0,1,0,0,0,0,1,0,0,0,0,0,0,0,0,0,1,1
1,https://oboti.vercel.app/promo.html,https://oboti.vercel.app/promo.html,1,1,0,0,0,0,0,0,0,0,0,0,0,0,0,1,0,0,0,0,1,0,0,0,0,1,0,0,0,0,1,0,0,0,0,0,0,0,1,0,0,0
1,https://cred-navi.webcindario.com/?fbclid=IwY2xjawOn64tleHRuA2FlbQIxMABicmlkETFCbnJtYUVpN1c5UmdPQUhCc3J0YwZhcHBfaWQPNTQxNjM5NDkzODg5MDI1AAEeZdtRd3OPHKRhhsQRArIsnsDPrwp6TjVve6ldAGixOEfN9Qb615FMseq1Fow_aem_eAnziQejafP7I7Hmn6vvZg,https://cred-navi.webcindario.com/?fbclid=IwY2xjawOn64tleHRuA2FlbQIxMABicmlkETFCbnJtYUVpN1c5UmdPQUhCc3J0YwZhcHBfaWQPNTQxNjM5NDkzODg5MDI1AAEeZdtRd3OPHKRhhsQRArIsnsDPrwp6TjVve6ldAGixOEfN9Qb615FMseq1Fow_aem_eAnziQejafP7I7Hmn6vvZg,1,0,0,1,1,0,0,0,0,0,0,0,0,0,0,1,0,0,0,0,1,0,0,0,0,1,0,0,0,0,1,0,0,0,0,0,0,0,0,0,1,1
1,https://ramyungallery.com/cgi-bin/nah/,https://ramyungallery.com/cgi-bin/nah/,1,1,0,0,1,0,0,0,0,0,0,0,0,0,0,1,0,0,0,0,1,0,0,0,0,1,0,0,0,0,1,0,0,0,0,0,0,0,0,0,1,1
1,https://bhd-lngreso.webcindario.com,https://bhd-lngreso.webcindario.com/,1,1,0,0,1,0,0,0,0,0,0,0,0,0,0,1,0,0,0,0,1,0,0,0,0,1,0,0,0,0,1,0,0,0,0,0,0,0,0,0,1,1
1,https://mbanpld.web.app/,https://mbanpld.web.app/,1,1,0,0,0,0,0,0,0,0,0,0,0,0,0,1,0,0,0,0,1,0,0,0,0,1,0,0,0,0,1,0,0,0,0,0,0,0,0,0,0,0
1,https://t55.7d0.mytemp.website/att/attonlineservices.html,https://t55.7d0.mytemp.website/att/attonlineservices.html,1,0,1,0,0,0,0,0,0,0,0,0,0,0,0,1,0,0,0,0,1,0,0,0,0,1,0,0,0,0,1,0,0,0,0,0,0,0,0,0,0,0
1,https://bellsouth-att-siging-215045.webflow.io/,https://bellsouth-att-siging-215045.webflow.io/,1,1,0,0,1,0,0,0,0,0,0,0,0,0,0,1,0,0,0,0,0,1,0,0,0,1,0,0,0,0,1,0,0,0,0,0,0,0,0,0,0,1
1,https://robbbnhudloggionn.webflow.io/,https://robbbnhudloggionn.webflow.io/,1,1,0,0,0,0,0,0,0,0,0,0,0,0,0,1,0,0,0,0,0,1,0,0,0,1,0,0,0,0,1,0,0,0,0,0,0,0,0,0,0,1
1,https://kuininlcin.webflow.io/,https://kuininlcin.webflow.io/,1,1,0,0,0,0,0,0,0,0,0,0,0,0,0,1,0,0,0,0,0,1,0,0,0,1,0,0,0,0,1,0,0,0,0,0,0,0,0,0,0,1
1,https://kucoinlogino.webflow.io/,https://kucoinlogino.webflow.io/,1,1,0,0,0,0,0,0,0,0,0,0,0,0,0,0,1,0,0,0,0,1,0,0,0,1,0,0,0,0,1,0,0,0,0,0,0,0,0,0,1,1
1,https://outh--sso-en---kucoin.webflow.io/,https://outh--sso-en---kucoin.webflow.io/,1,1,0,0,1,0,0,0,0,0,0,0,0,0,0,1,0,0,0,0,0,1,0,0,0,1,0,0,0,0,1,0,0,0,0,0,0,1,0,0,1,1
1,https://zmail-tnebnet-org-zimbra-login.weebly.com/,https://zmail-tnebnet-org-zimbra-login.weebly.com/,1,1,0,0,1,0,0,0,0,0,0,0,0,0,0,0,1,0,0,0,1,0,0,0,0,1,0,0,0,0,1,0,0,0,0,0,0,0,0,0,1,0
1,https://xn--berprfung-des-web-kontos3-ewcf.weebly.com/,https://xn--berprfung-des-web-kontos3-ewcf.weebly.com/,1,0,1,0,1,0,0,0,0,0,0,0,0,0,0,0,1,0,0,0,1,0,0,0,0,1,0,0,0,0,1,0,0,0,0,0,0,0,0,0,1,0
1,https://wpcu0nlineewpcu.weebly.com/,https://wpcu0nlineewpcu.weebly.com/,1,1,0,0,0,0,0,0,0,0,0,0,0,0,0,0,1,0,0,0,1,0,0,0,0,1,0,0,0,0,1,0,0,0,0,0,0,0,0,0,1,0
1,https://vcjhdjgdjuekjhgiuehud.weebly.com/,https://vcjhdjgdjuekjhgiuehud.weebly.com/,1,1,0,0,0,0,0,0,0,0,0,0,0,0,0,0,1,0,0,0,1,0,0,0,0,1,0,0,0,0,1,0,0,0,0,0,0,0,0,0,1,0
1,https://streak-ftp.weebly.com/,https://streak-ftp.weebly.com/,1,1,0,0,1,0,0,0,0,0,0,0,0,0,0,0,1,0,0,0,1,0,0,0,0,1,0,0,0,0,1,0,0,0,0,0,0,0,0,0,1,0
1,https://spaceknob-ritz.weebly.com/,https://spaceknob-ritz.weebly.com/,1,1,0,0,1,0,0,0,0,0,0,0,0,0,0,0,1,0,0,0,1,0,0,0,0,1,0,0,0,0,1,0,0,0,0,0,0,0,0,0,1,0
1,https://smith-county-road-department-supervisor.weebly.com/,https://smith-county-road-department-supervisor.weebly.com/,1,0,1,0,1,0,0,0,0,0,0,0,0,0,0,0,1,0,0,0,1,0,0,0,0,1,0,0,0,0,1,0,0,0,0,0,0,0,0,0,1,0
1,https://site-voqd9lvjo.godaddysites.com/,https://site-voqd9lvjo.godaddysites.com/,1,1,0,0,1,0,0,0,0,0,0,0,0,0,0,1,0,0,0,0,1,0,0,0,0,1,0,0,0,0,1,0,0,0,0,0,0,1,0,0,1,0
1,https://site-9xlggsi1q.godaddysites.com/,https://site-9xlggsi1q.godaddysites.com/,1,1,0,0,1,0,0,0,0,0,0,0,0,0,0,1,0,0,0,0,1,0,0,0,0,1,0,0,0,0,1,0,0,0,0,0,0,1,0,0,1,0
1,https://rockauidlo0sisd.weebly.com/,https://rockauidlo0sisd.weebly.com/,1,1,0,0,0,0,0,0,0,0,0,0,0,0,0,0,1,0,0,0,1,0,0,0,0,1,0,0,0,0,1,0,0,0,0,0,0,0,0,0,1,0
1,https://pattrbarnes.wixsite.com/my-site,https://pattrbarnes.wixsite.com/my-site,1,1,0,0,1,0,0,0,0,0,0,0,0,0,0,1,0,0,0,0,0,1,0,0,0,1,0,0,0,0,1,0,0,0,0,0,0,1,0,0,1,0
1,https://ourtimexxx.weebly.com/,https://ourtimexxx.weebly.com/,1,1,0,0,0,0,0,0,0,0,0,0,0,0,0,1,0,0,0,0,1,0,0,0,0,1,0,0,0,0,1,0,0,0,0,0,0,0,0,0,1,0
1,https://olimasxrtuintred.weebly.com/,https://olimasxrtuintred.weebly.com/,1,1,0,0,0,0,0,0,0,0,0,0,0,0,0,0,1,0,0,0,1,0,0,0,0,1,0,0,0,0,1,0,0,0,0,0,0,0,0,0,1,0
1,https://officeadmin2026.weebly.com/,https://officeadmin2026.weebly.com/,1,1,0,0,0,0,0,0,0,0,0,0,0,0,0,0,1,0,0,0,1,0,0,0,0,1,0,0,0,0,1,0,0,0,0,0,0,0,0,0,1,0
1,https://noreplytransfertsa.wixsite.com/my-site-1,https://noreplytransfertsa.wixsite.com/my-site-1,1,1,0,0,1,0,0,0,0,0,0,0,0,0,0,1,0,0,0,0,0,1,0,0,0,1,0,0,0,0,1,0,0,0,0,0,0,1,0,0,1,0
1,https://markhowardautomotive.weebly.com/,https://markhowardautomotive.weebly.com/,1,1,0,0,0,0,0,0,0,0,0,0,0,0,0,0,1,0,0,0,1,0,0,0,0,1,0,0,0,0,1,0,0,0,0,0,0,0,0,0,1,0
1,https://mailtelsu7.weebly.com/,https://mailtelsu7.weebly.com/,1,1,0,0,0,0,0,0,0,0,0,0,0,0,0,0,1,0,0,0,1,0,0,0,0,1,0,0,0,0,1,0,0,0,0,0,0,0,0,0,1,0
1,https://mailaccountupdatesunit.weebly.com/,https://mailaccountupdatesunit.weebly.com/,1,1,0,0,0,0,0,0,0,0,0,0,0,0,0,0,1,0,0,0,1,0,0,0,0,1,0,0,0,0,1,0,0,0,0,0,0,0,0,0,1,0
1,https://mail-organizer.weebly.com/,https://mail-organizer.weebly.com/,1,1,0,0,1,0,0,0,0,0,0,0,0,0,0,0,1,0,0,0,1,0,0,0,0,1,0,0,0,0,1,0,0,0,0,0,0,0,0,0,1,0
1,https://indamailservice.weebly.com/,https://indamailservice.weebly.com/,1,1,0,0,0,0,0,0,0,0,0,0,0,0,0,1,0,0,0,0,1,0,0,0,0,1,0,0,0,0,1,0,0,0,0,0,0,0,0,0,1,0
1,https://indamaildecure.weebly.com/,https://indamaildecure.weebly.com/,1,1,0,0,0,0,0,0,0,0,0,0,0,0,0,1,0,0,0,0,1,0,0,0,0,1,0,0,0,0,1,0,0,0,0,0,0,0,0,0,1,0
1,https://indaamweb.weebly.com/,https://indaamweb.weebly.com/,1,1,0,0,0,0,0,0,0,0,0,0,0,0,0,1,0,0,0,0,1,0,0,0,0,1,0,0,0,0,1,0,0,0,0,0,0,0,0,0,1,0
1,https://inabv.weebly.com/,https://inabv.weebly.com/,1,1,0,0,0,0,0,0,0,0,0,0,0,0,0,0,1,0,0,0,1,0,0,0,0,1,0,0,0,0,1,0,0,0,0,0,0,0,0,0,1,0
1,https://florawales46.wixsite.com/arizona,https://florawales46.wixsite.com/arizona,1,1,0,0,0,0,0,0,0,0,0,0,0,0,0,1,0,0,0,0,0,1,0,0,0,1,0,0,0,0,1,0,0,0,0,0,0,1,0,0,1,0
1,https://dueidjnckmcxsvsgytsd.weebly.com/,https://dueidjnckmcxsvsgytsd.weebly.com/,1,1,0,0,0,0,0,0,0,0,0,0,0,0,0,0,1,0,0,0,1,0,0,0,0,1,0,0,0,0,1,0,0,0,0,0,0,0,0,0,1,0
1,https://dota-2official-freearcana-immortal.weebly.com/,https://dota-2official-freearcana-immortal.weebly.com/,1,0,1,0,1,0,0,0,0,0,0,0,0,0,0,1,0,0,0,0,1,0,0,0,0,1,0,0,0,0,1,0,0,0,0,0,0,0,1,0,1,0
1,https://decesinfos44.weebly.com/,https://decesinfos44.weebly.com/,1,1,0,0,0,0,0,0,0,0,0,0,0,0,0,1,0,0,0,0,1,0,0,0,0,1,0,0,0,0,1,0,0,0,0,0,0,0,0,0,1,0
1,https://courrielwebc.weebly.com/,https://courrielwebc.weebly.com/,1,1,0,0,0,0,0,0,0,0,0,0,0,0,0,0,1,0,0,0,1,0,0,0,0,1,0,0,0,0,1,0,0,0,0,0,0,0,0,0,1,0
1,https://caitlinstrategyfir.wixsite.com/outreachmesagin,https://caitlinstrategyfir.wixsite.com/outreachmesagin,1,0,1,0,0,0,0,0,0,0,0,0,0,0,0,1,0,0,0,0,0,1,0,0,0,1,0,0,0,0,1,0,0,0,0,0,0,1,0,0,1,0
1,https://c3ntral1nve3nt.weebly.com/,https://c3ntral1nve3nt.weebly.com/,1,1,0,0,0,0,0,0,0,0,0,0,0,0,0,0,1,0,0,0,1,0,0,0,0,1,0,0,0,0,1,0,0,0,0,0,0,0,0,0,1,0
1,https://0utl00koffice.weebly.com/,https://0utl00koffice.weebly.com/,1,1,0,0,0,0,0,0,0,0,0,0,0,0,0,0,1,0,0,0,1,0,0,0,0,1,0,0,0,0,1,0,0,0,0,0,0,0,0,0,1,0
1,https://silent-employees-025553.framer.app/,https://silent-employees-025553.framer.app/,1,1,0,0,1,1,0,0,0,0,0,0,0,0,0,0,1,0,0,0,0,1,0,0,0,1,0,0,0,0,1,0,0,0,0,0,0,1,0,0,0,0
1,https://smartserviceprovider.duckdns.org/userid.php?token=4faEcCyMkbr4XnZffxg5s2NYcXhWcTFXZjUxQkU2NmNBOUNBU2xaTE4wRFdyVmo5MG1aVUlQZ1IvTG43LzZ6QS95ckk0b3I1QW5yUHJTL2VScENlYmtNSFBkNWpxS1NqNnp4Uzd4cTdvQ2JYSEgycGQ3QXlucFEwdjc1MisvaVJLbms1dlJlNGdRRUNuRXBqTnRsd2ZnTGpDVlV5QkVXOUNVNkxtb3I4WnpDMXFnUE1ES1JpdmlibUJCSlN0MDBkSC9EWHNDcmNURVhzR2dWdw%3D%3D,https://smartserviceprovider.duckdns.org/blocked.php,1,0,1,0,0,0,0,0,0,0,0,0,0,0,0,1,0,0,0,0,1,0,0,0,0,1,0,0,0,0,1,0,0,0,0,0,0,0,0,0,1,1
1,https://www.wixforms.com/f/7401514817917289534,https://www.wixforms.com/f/7401514817917289534,1,1,0,0,0,0,0,0,0,0,0,0,0,0,0,1,0,0,0,0,1,0,0,0,0,1,0,0,0,0,1,0,0,0,0,0,0,0,0,0,1,0
1,https://kntn.ly/e8c483c0,https://docs.google.com/presentation/d/e/2PACX-1vQpauxr5pLBwiHhkuVkCtItGi-Ggfq_KZ_JotV_mu3WBpgNy58QJUJGWFrA9Tg9iUXBjzLUdq3XL8WR/pub?start=false&loop=false&delayms=3000,1,0,0,1,1,0,0,0,0,0,0,0,0,0,0,1,0,0,0,0,1,0,0,0,0,1,0,0,0,0,1,0,0,0,0,0,0,0,0,0,1,0
1,http://jawwalooreidoopalestine.pages.dev,https://jawwalooreidoopalestine.pages.dev/,1,1,0,0,0,0,0,0,0,0,0,0,0,0,0,1,0,0,0,0,1,0,0,0,0,1,0,0,0,0,1,0,0,0,0,0,0,0,1,0,0,0
1,https://bellsouth-att-sign-in-ee0492.webflow.io/,https://bellsouth-att-sign-in-ee0492.webflow.io/,1,1,0,0,1,0,0,0,0,0,0,0,0,0,0,1,0,0,0,0,0,1,0,0,0,1,0,0,0,0,1,0,0,0,0,0,0,0,0,0,0,1
1,https://dpd-ptostz.cfd/ptr,https://dpd-ptostz.cfd/ptr,1,1,0,0,1,0,0,0,0,0,0,0,0,0,0,1,0,0,0,0,1,0,0,0,0,1,0,0,0,0,1,0,0,0,0,1,0,0,0,0,0,0
1,http://www.sfr.cco.sa/,http://www.sfr.cco.sa/,0,1,0,0,0,0,0,0,0,0,0,0,0,0,0,1,0,0,0,0,1,0,0,0,0,1,0,0,0,0,1,0,0,0,0,0,0,0,0,0,1,1
1,http://sfr.cco.sa/,http://sfr.cco.sa/,0,1,0,0,0,0,0,0,0,0,0,0,0,0,0,1,0,0,0,0,1,0,0,0,0,1,0,0,0,0,1,0,0,0,0,0,0,0,0,0,1,1
1,https://relaycolisinfo.com/,https://relaycolisinfo.com/,1,1,0,0,0,0,0,0,0,0,0,0,0,0,0,1,0,0,0,0,1,0,0,0,0,1,0,0,0,0,1,0,0,0,0,0,0,0,0,0,1,0
1,https://bombolone.es/fonts/area/zone/?access=aleofyj,https://bombolone.es/fonts/area/zone/?access=aleofyj,1,0,1,0,0,0,0,0,0,0,0,0,0,0,0,1,0,0,0,0,1,0,0,0,0,1,0,0,0,0,1,0,0,0,0,0,0,0,0,0,0,0
1,https://beta.agroskying.com/wp-content/plugins/extendify/,https://beta.agroskying.com/wp-content/plugins/extendify/,1,0,1,0,1,0,0,0,0,0,0,0,0,0,0,1,0,0,0,0,1,0,0,0,0,1,0,0,0,0,1,0,0,0,0,0,0,0,0,0,1,1
1,https://vivalojaoficial.vercel.app/,https://vivalojaoficial.vercel.app/,1,1,0,0,0,0,0,0,0,0,0,0,0,0,0,1,0,0,0,0,1,0,0,0,0,1,0,0,0,0,1,0,0,0,0,0,0,0,1,0,0,0
1,https://www.maga12u.com/,https://www.maga12u.com/,1,1,0,0,0,0,0,0,0,0,0,0,0,0,0,1,0,0,0,0,1,0,0,0,0,1,0,0,0,0,1,0,0,0,0,0,0,0,0,0,1,1
1,https://info-service-national.com,https://info-service-national.com/,1,1,0,0,1,0,0,0,0,0,0,0,0,0,0,1,0,0,0,0,1,0,0,0,0,1,0,0,0,0,1,0,0,0,0,0,0,0,0,0,1,0
1,https://info-service-national.com/index.php,https://info-service-national.com/index.php,1,1,0,0,1,0,0,0,0,0,0,0,0,0,0,1,0,0,0,0,1,0,0,0,0,1,0,0,0,0,1,0,0,0,0,0,0,0,0,0,1,0
1,https://secondary-style-233155.framer.app/,https://secondary-style-233155.framer.app/,1,1,0,0,1,0,0,0,0,0,0,0,0,0,0,0,1,0,0,0,0,1,0,0,0,1,0,0,0,0,1,0,0,0,0,0,0,1,0,0,1,0
1,https://www.sitesgpt.com/?em=redacted.redacted%40ovh.es,https://www.sitesgpt.com/?em=redacted.redacted%40ovh.es,1,0,1,0,1,0,0,0,0,0,0,0,0,0,0,0,1,0,0,0,1,0,0,0,0,1,0,0,0,0,1,0,0,0,0,1,1,0,1,0,1,0
1,https://proezas.diazpabon.info/wp-content/plugins/,https://proezas.diazpabon.info/wp-content/plugins/,1,1,0,0,1,0,0,0,0,0,0,0,0,0,0,1,0,0,0,0,1,0,0,0,0,1,0,0,0,0,1,0,0,0,0,0,0,0,0,0,1,1
1,https://rc-m.global.ssl.fastly.net/354/t6/rc/rc.html?cms=,https://rc-m.global.ssl.fastly.net/354/t6/rc/rc.html?cms=,1,0,1,0,1,0,0,0,0,0,0,0,0,0,0,1,0,0,0,0,1,0,0,0,0,1,0,0,0,0,1,0,0,0,0,0,0,0,0,0,1,0
1,https://click.naillabbyel.com/?ws4544=2221004771,https://www.google.com/,1,1,0,0,0,0,0,0,0,0,0,0,0,0,0,1,0,0,0,0,1,0,0,0,0,1,0,0,0,0,1,0,0,0,0,0,0,0,0,0,1,0
1,https://rc-m.global.ssl.fastly.net/354/t6/rc/rc.html,https://rc-m.global.ssl.fastly.net/354/t6/rc/rc.html,1,0,1,0,1,0,0,0,0,0,0,0,0,0,0,1,0,0,0,0,1,0,0,0,0,1,0,0,0,0,1,0,0,0,0,0,0,0,0,0,1,0
1,https://cloud.engeconindustrial.com.br/wp-admin/ca/index.php?emp=redacted@abuse.ionos.com,https://cloud.engeconindustrial.com.br/wp-admin/ca/index.php?emp=redacted@abuse.ionos.com,1,0,1,0,1,0,0,0,0,0,0,0,0,0,0,1,0,0,0,0,1,0,0,0,0,1,0,0,0,0,1,0,0,0,0,0,0,0,0,0,1,1
1,https://marinza.life/,https://marinza.life/,1,1,0,0,0,0,0,0,0,0,0,0,0,0,0,1,0,0,0,0,1,0,0,0,0,1,0,0,0,0,1,0,0,0,0,0,0,0,0,0,0,1
1,https://774868.com:8989/,https://774868.com:8989/,1,1,0,0,0,0,0,0,0,0,0,0,0,0,0,1,0,0,0,0,1,0,0,0,0,1,0,0,0,0,1,0,0,0,0,0,0,0,1,0,1,0
1,https://aalynabeea.com/superjumbo/index.html#email@address.hu,https://aalynabeea.com/superjumbo/index.html#email@address.hu,1,0,1,0,1,0,0,0,0,0,0,0,0,0,0,1,0,0,0,0,1,0,0,0,0,1,0,0,0,0,1,0,0,0,0,0,0,0,0,0,1,0
1,https://aalynabeea.com/superjumbo/index.html,https://aalynabeea.com/superjumbo/index.html,1,1,0,0,0,0,0,0,0,0,0,0,0,0,0,1,0,0,0,0,1,0,0,0,0,1,0,0,0,0,1,0,0,0,0,0,0,0,0,0,1,0
1,https://brt-it.store/BRTIT-S32B-V6E/,https://www.google.com,1,1,0,0,0,0,0,0,0,0,0,0,0,0,0,1,0,0,0,0,1,0,0,0,0,1,0,0,0,0,1,0,0,0,0,0,0,0,0,0,1,0
1,https://natalbauducco.vercel.app/,https://natalbauducco.vercel.app/,1,1,0,0,0,0,0,0,0,0,0,0,0,0,0,1,0,0,0,0,1,0,0,0,0,1,0,0,0,0,1,0,0,0,0,0,0,0,1,0,1,0
1,https://bellsouth-att-sign-in-c9cb53.webflow.io/,https://bellsouth-att-sign-in-c9cb53.webflow.io/,1,1,0,0,1,0,0,0,0,0,0,0,0,0,0,1,0,0,0,0,0,1,0,0,0,1,0,0,0,0,1,0,0,0,0,0,0,0,0,0,0,1
1,https://allegrolokalnie.615116.click,https://allegrolokalnie.615116.click/,1,1,0,0,0,0,0,0,0,0,0,0,0,0,0,1,0,0,0,0,1,0,0,0,0,1,0,0,0,0,1,0,0,0,0,0,0,0,0,0,0,1
1,https://web-vision-storage.s3.sa-east-1.amazonaws.com/19YP6U9Akn59v.html?email=redacted@abuse.ionos.com,https://web-vision-storage.s3.sa-east-1.amazonaws.com/19YP6U9Akn59v.html?email=redacted@abuse.ionos.com,1,0,0,1,1,0,0,0,0,0,0,0,0,0,0,1,0,0,0,0,1,0,0,0,0,1,0,0,0,0,1,0,0,0,0,0,0,0,0,0,1,0
1,https://kukeoilovgin.webflow.io/,https://kukeoilovgin.webflow.io/,1,1,0,0,0,1,0,0,0,0,0,0,0,0,0,1,0,0,0,0,0,1,0,0,0,1,0,0,0,0,1,0,0,0,0,0,0,0,0,0,0,1
1,https://wervftswervicfrty.framer.website/,https://wervftswervicfrty.framer.website/,1,1,0,0,0,0,0,0,0,0,0,0,0,0,0,0,1,0,0,0,0,1,0,0,0,1,0,0,0,0,1,0,0,0,0,0,0,1,0,0,0,0
1,https://bancolombia-creditoconvenio.vercel.app/,https://bancolombia-creditoconvenio.vercel.app/,1,1,0,0,1,0,0,0,0,0,0,0,0,0,0,1,0,0,0,0,1,0,0,0,0,1,0,0,0,0,1,0,0,0,0,0,0,0,0,0,1,0
1,https://app-trezosuite.framer.ai/,https://app-trezosuite.framer.ai/,1,1,0,0,1,0,0,0,0,0,0,0,0,0,0,0,1,0,0,0,0,1,0,0,0,1,0,0,0,0,1,0,0,0,0,0,0,1,0,0,0,0
1,https://www.miricanvas.com/v2/design2/v/51dcea73-729e-4081-87f1-67ae1db7aebf,https://www.miricanvas.com/v2/design2/v/51dcea73-729e-4081-87f1-67ae1db7aebf,1,0,1,0,1,0,0,0,0,0,0,0,0,0,0,1,0,0,0,0,0,1,0,0,0,1,0,0,0,0,1,0,0,0,0,1,0,1,0,0,1,0
1,https://vk.cc/cS9L3w?userID=1mNUJEfE,https://away.vk.com/away.php?rh=edfa883f-ecd1-4c1f-9761-060aa5b3c923,1,0,1,0,1,0,0,0,0,0,0,0,0,0,0,1,0,0,0,0,1,0,0,0,0,1,0,0,0,0,1,0,0,0,0,0,0,0,0,0,1,1
1,https://bloghano.dream.press/Open/order/pool/fart/web/pay.php,https://bloghano.dream.press/Open/order/pool/fart/web/pay.php,1,0,1,0,0,0,0,0,0,0,0,0,0,0,0,1,0,0,0,0,1,0,0,0,0,1,0,0,0,0,1,0,0,0,0,0,0,0,0,0,0,0
1,https://dgtgobgtes.cc/es/card.html,https://pe.dgt.gob.gt/login,1,1,0,0,0,0,0,0,0,0,0,0,0,0,0,1,0,0,0,0,1,0,0,0,0,1,0,0,0,0,1,0,0,0,0,0,0,0,0,0,0,0
1,http://allegrolokalnie.9125125.click,http://allegrolokalnie.9125125.click/,0,1,0,0,0,0,0,0,0,0,0,0,0,0,0,1,0,0,0,0,1,0,0,0,0,1,0,0,0,0,1,0,0,0,0,0,0,0,0,0,0,1
1,https://blackcardbeneficiosprime.co.ua,https://blackcardbeneficiosprime.co.ua/,1,1,0,0,0,0,0,0,0,0,0,0,0,0,0,1,0,0,0,0,1,0,0,0,0,1,0,0,0,0,1,0,0,0,0,0,0,0,0,0,1,1
1,https://solicitacaonetcorporativo.shop,https://solicitacaonetcorporativo.shop/,1,1,0,0,0,0,0,0,0,0,0,0,0,0,0,1,0,0,0,0,1,0,0,0,0,1,0,0,0,0,1,0,0,0,0,0,0,0,1,0,1,0
1,https://smbc-card.urbgf.com/Login/,http://ww25.smbc-card.urbgf.com/Login/?subid1=20251214-0624-04a1-8e43-f1f62034e90f,0,0,1,0,1,0,0,0,0,0,0,0,0,0,0,1,0,0,0,0,1,0,0,0,0,1,0,0,0,0,1,0,0,0,0,0,0,0,0,0,1,1
1,https://app.biaagiliza.digital,https://app.biaagiliza.digital/,1,1,0,0,0,0,0,0,0,0,0,0,0,0,0,1,0,0,0,0,1,0,0,0,0,1,0,0,0,0,1,0,0,0,0,0,0,0,0,0,0,1
1,https://app.promohoje.info,https://app.promohoje.info/,1,1,0,0,0,0,0,0,0,0,0,0,0,0,0,1,0,0,0,0,1,0,0,0,0,1,0,0,0,0,1,0,0,0,0,0,0,0,0,0,0,1
1,https://app.consultartroca.live,https://app.consultartroca.live/,1,1,0,0,0,0,0,0,0,0,0,0,0,0,0,1,0,0,0,0,1,0,0,0,0,1,0,0,0,0,1,0,0,0,0,0,0,0,0,0,1,1
1,https://serv1ciopichin.webcindario.com/,https://serv1ciopichin.webcindario.com/,1,1,0,0,0,0,0,0,0,0,0,0,0,0,0,1,0,0,0,0,1,0,0,0,0,1,0,0,0,0,1,0,0,0,0,0,0,0,0,0,1,1
1,https://produbanec.webcindario.com/,https://produbanec.webcindario.com/,1,1,0,0,0,0,0,0,0,0,0,0,0,0,0,1,0,0,0,0,1,0,0,0,0,1,0,0,0,0,1,0,0,0,0,0,0,0,0,0,1,1
1,https://linktr.ee/skjbsons,https://linktr.ee/status/blocked?username=skjbsons,1,1,0,0,0,0,0,0,0,0,0,0,0,0,0,1,0,0,0,0,0,1,0,0,0,1,0,0,0,0,1,0,0,0,0,0,0,0,0,0,0,1
1,https://linktr.ee/dkjninso,https://linktr.ee/status/blocked?username=dkjninso,1,1,0,0,0,0,0,0,0,0,0,0,0,0,0,1,0,0,0,0,0,1,0,0,0,1,0,0,0,0,1,0,0,0,0,0,0,0,0,0,0,1
1,https://stupendous-lottery-125392.framer.app/,https://stupendous-lottery-125392.framer.app/,1,1,0,0,1,1,0,0,0,0,0,0,0,0,0,0,1,0,0,0,0,1,0,0,0,1,0,0,0,0,1,0,0,0,0,0,0,1,0,0,0,0
1,https://164-90-137-1.cprapid.com/de/update.php?stn8a06nyqlh28e061dg,https://164-90-137-1.cprapid.com/de/update.php?stn8a06nyqlh28e061dg,1,0,1,0,1,0,0,0,0,0,0,0,0,0,0,1,0,0,0,0,1,0,0,0,0,1,0,0,0,0,1,0,0,0,0,0,0,0,0,0,1,0
1,https://appartners.co.nz/seys-sinspe.nunslogsn.s.l.la/ass/identifier-1.html.php,https://appartners.co.nz/blocked.html,1,1,0,0,0,0,0,0,0,0,0,0,0,0,0,1,0,0,0,0,1,0,0,0,0,1,0,0,0,0,1,0,0,0,0,0,0,0,0,0,1,1
1,https://2fr7tj.share-eu1.hsforms.com/2D3QYnJZeSzmGJkaX1D9PJw,https://2fr7tj.share-eu1.hsforms.com/2D3QYnJZeSzmGJkaX1D9PJw,1,0,1,0,1,0,0,0,0,0,0,0,0,0,0,1,0,0,0,0,1,0,0,0,0,1,0,0,0,0,1,0,0,0,0,0,0,0,0,0,1,0
1,https://geassessoria.com.br/QQGGUQC9/,https://geassessoria.com.br/QQGGUQC9/,1,1,0,0,0,0,0,0,0,0,0,0,0,0,0,1,0,0,0,0,1,0,0,0,0,1,0,0,0,0,1,0,0,0,0,0,0,0,0,0,1,1
1,https://is.gd/rlwZfv,https://scanned.page/p/yLZFR1?id=s7LGGzeHIL,1,1,0,0,0,1,0,0,0,0,0,0,0,0,0,1,0,0,0,0,1,0,0,0,0,1,0,0,0,0,1,0,0,0,0,0,0,1,0,0,0,1
1,https://is.gd/dFJkUy,https://scanned.page/p/yLZFR1?id=FWzy9x5KDT,1,1,0,0,0,1,0,0,0,0,0,0,0,0,0,1,0,0,0,0,1,0,0,0,0,1,0,0,0,0,1,0,0,0,0,0,0,1,0,0,0,1
1,https://radiant-daffodil-c06d27.netlify.app/?tag=je,https://radiant-daffodil-c06d27.netlify.app/?tag=je,1,0,1,0,1,0,0,0,0,0,0,0,0,0,0,1,0,0,0,0,1,0,0,0,0,1,0,0,0,0,1,0,0,0,0,0,0,0,0,0,1,1
1,https://link-1763710100.allvaluelink.com/8fffab2cb0ff45f8bf90f8bb2f045807,https://link-1763710100.allvaluelink.com/8fffab2cb0ff45f8bf90f8bb2f045807,1,0,1,0,1,0,0,0,0,0,0,0,0,0,0,1,0,0,0,0,1,0,0,0,0,1,0,0,0,0,1,0,0,0,0,0,0,0,0,0,1,0
1,https://chatbot.page/iptxRV,https://chatbot.page/iptxRV,1,1,0,0,0,1,0,0,0,0,0,0,0,0,0,1,0,0,0,0,0,1,0,0,0,1,0,0,0,0,1,0,0,0,0,0,0,1,0,0,0,1
1,https://2fr9fn.share-eu1.hsforms.com/2EGEi_9i2TI-xr2j-IneBAA,https://2fr9fn.share-eu1.hsforms.com/2EGEi_9i2TI-xr2j-IneBAA,1,0,1,0,1,0,0,0,0,0,0,0,0,0,0,1,0,0,0,0,1,0,0,0,0,1,0,0,0,0,1,0,0,0,0,0,0,0,0,0,1,0
1,https://chatbot.page/WGpq7p,https://chatbot.page/WGpq7p,1,1,0,0,0,1,0,0,0,0,0,0,0,0,0,1,0,0,0,0,0,1,0,0,0,1,0,0,0,0,1,0,0,0,0,0,0,1,0,0,0,1
1,https://start.browser.lol/,https://start.browser.lol/,1,1,0,0,0,1,0,0,0,0,0,0,0,0,0,1,0,0,0,0,1,0,0,0,0,1,0,0,0,0,1,0,0,0,0,0,0,0,0,0,0,1
1,https://www.hype-sella.com/,https://www.hype-sella.com/,1,1,0,0,1,0,0,0,0,0,0,0,0,0,0,1,0,0,0,0,1,0,0,0,0,1,0,0,0,0,1,0,0,0,0,0,0,0,0,0,1,1
1,https://hypet5.site.tb-hosting.com/,https://hypet5.site.tb-hosting.com/,1,1,0,0,1,0,0,0,0,0,0,0,0,0,0,1,0,0,0,0,1,0,0,0,0,1,0,0,0,0,1,0,0,0,0,0,0,0,0,0,1,1
1,https://therozgaar.in/japan.pla/Sites/index.html,https://therozgaar.in/japan.pla/Sites/index.html,1,1,0,0,0,0,0,0,0,0,0,0,0,0,0,1,0,0,0,0,1,0,0,0,0,1,0,0,0,0,1,0,0,0,0,0,0,0,0,0,0,1
1,https://id.ionos-securepass.sxvrr.com/identifier,https://id.ionos-securepass.sxvrr.com/identifier,1,1,0,0,1,0,0,0,0,0,0,0,0,0,0,1,0,0,0,0,1,0,0,0,0,1,0,0,0,0,1,0,0,0,0,0,0,0,0,0,1,1
1,https://global-archive-k2o3.s3.us-east-2.amazonaws.com/Zz4zZBiapNM?email=redacted@abuse.ionos.com,https://global-archive-k2o3.s3.us-east-2.amazonaws.com/Zz4zZBiapNM?email=redacted@abuse.ionos.com,1,0,1,0,1,0,0,0,0,0,0,0,0,0,0,1,0,0,0,0,1,0,0,0,0,1,0,0,0,0,1,0,0,0,0,0,0,0,0,0,1,0
1,https://ipfs.io/ipfs/bafkreifbajvdoef6oeg45b7v6pnfisntuh3lolhvvm25dtbau2nzdowfby,https://ipfs.io/ipfs/bafkreifbajvdoef6oeg45b7v6pnfisntuh3lolhvvm25dtbau2nzdowfby,1,0,1,0,0,0,0,0,0,0,0,0,0,0,0,1,0,0,0,0,1,0,0,0,0,1,0,0,0,0,1,0,0,0,0,0,0,0,0,0,0,0
1,https://trazorewallet.webflow.io/,https://trazorewallet.webflow.io/,1,1,0,0,0,0,0,0,0,0,0,0,0,0,0,1,0,0,0,0,0,1,0,0,0,1,0,0,0,0,1,0,0,0,0,0,0,0,0,0,0,1
1,https://ipfs.io/ipfs/bafybeielk62toivswjg5inihpku5bxg63ud3lsharmkvoffmr7ppsoclfa/,https://ipfs.io/ipfs/bafybeielk62toivswjg5inihpku5bxg63ud3lsharmkvoffmr7ppsoclfa/,1,0,1,0,0,0,0,0,0,0,0,0,0,0,0,1,0,0,0,0,1,0,0,0,0,1,0,0,0,0,1,0,0,0,0,0,0,0,1,0,0,0
1,https://ipfs.io/ipfs/bafybeifaqqecpwzwu45hqlinjrg2l37tkvdkzreopne5m76owfodlvtt2q,https://ipfs.io/ipfs/bafybeifaqqecpwzwu45hqlinjrg2l37tkvdkzreopne5m76owfodlvtt2q,1,0,1,0,0,0,0,0,0,0,0,0,0,0,0,1,0,0,0,0,1,0,0,0,0,1,0,0,0,0,1,0,0,0,0,0,0,0,0,0,0,0
1,https://mourchi.wuaze.com/+/XG4wj327ze2oW5mb75360xq2090xp1LF83723oj54528Zb50017By87785Su61500cu0956802318=,https://mourchi.wuaze.com/+/XG4wj327ze2oW5mb75360xq2090xp1LF83723oj54528Zb50017By87785Su61500cu0956802318=,1,0,0,1,0,0,0,0,0,0,0,0,0,0,0,1,0,0,0,0,1,0,0,0,0,1,0,0,0,0,1,0,0,0,0,0,0,0,0,0,1,1
1,https://fasuepa.org/accountupgrade/Sites/index.html,https://fasuepa.org/cgi-sys/suspendedpage.cgi,1,1,0,0,1,0,0,0,0,0,0,0,0,0,0,0,1,0,0,0,1,0,0,0,0,1,0,0,0,0,1,0,0,0,0,0,0,0,0,0,1,1
1,https://hanumanji.techuptechnologies.in/plala/Sites/index.html,https://hanumanji.techuptechnologies.in/cgi-sys/suspendedpage.cgi,1,0,1,0,1,0,0,0,0,0,0,0,0,0,0,0,1,0,0,0,1,0,0,0,0,1,0,0,0,0,1,0,0,0,0,0,0,0,0,0,0,1
1,http://app.mr-leader.com/sites/default/files/index_she_encry.html#a29qaW5AcGxhbGEub3IuanA=,http://app.mr-leader.com/sites/default/files/index_she_encry.html#a29qaW5AcGxhbGEub3IuanA=,0,0,1,0,1,0,0,0,0,0,0,0,0,0,0,1,0,0,0,0,1,0,0,0,0,1,0,0,0,0,1,0,0,0,0,0,0,0,0,0,1,1
1,https://sidiboat.tn/plala.alll/sso.login/login2.php,https://sidiboat.tn/cgi-sys/suspendedpage.cgi,1,1,0,0,1,0,0,0,0,0,0,0,0,0,0,0,1,0,0,0,1,0,0,0,0,1,0,0,0,0,1,0,0,0,0,0,0,0,0,0,0,1
1,https://is.gd/9gPQ7A,https://bafkreicfwvu6im6mjwgvoberdluk4jc7vhwtldq5r3w4mmfltqek7gnziu.ipfs.dweb.link/,1,0,1,0,0,0,0,0,0,0,0,0,0,0,0,0,1,0,0,0,0,1,0,0,0,1,0,0,0,0,1,0,0,0,0,0,0,0,0,0,0,0
1,https://imlines-update.appwrite.network/#ddennypfmold@163.com,https://imlines-update.appwrite.network/#ddennypfmold@163.com,1,0,1,0,1,0,0,0,0,0,0,0,0,0,0,1,0,0,0,0,1,0,0,0,0,1,0,0,0,0,1,0,0,0,0,0,0,0,0,0,1,0
1,https://registrate-aqui3.webcindario.com/?fbclid=IwY2xjawOlh2tleHRuA2FlbQIxMABicmlkETFrUm8zd1ptZjYyTnl5WEd0c3J0YwZhcHBfaWQPNTQxNjM5NDkzODg5MDI1AAEexNI6SDsEHbxZV-N0-M4gjoC1U7fPWk1uQ-xSV9MuBvM6HvVSafRSZF7jHY0_aem_aijgfTeWx2T0KKgZz1IFVA,https://registrate-aqui3.webcindario.com/?fbclid=IwY2xjawOlh2tleHRuA2FlbQIxMABicmlkETFrUm8zd1ptZjYyTnl5WEd0c3J0YwZhcHBfaWQPNTQxNjM5NDkzODg5MDI1AAEexNI6SDsEHbxZV-N0-M4gjoC1U7fPWk1uQ-xSV9MuBvM6HvVSafRSZF7jHY0_aem_aijgfTeWx2T0KKgZz1IFVA,1,0,0,1,1,0,0,0,0,0,0,0,0,0,0,1,0,0,0,0,1,0,0,0,0,1,0,0,0,0,1,0,0,0,0,0,0,0,0,0,1,1
1,https://psicosignificar.psicosignificar.psc.br/EN/china/,https://psicosignificar.psicosignificar.psc.br/EN/china/,1,0,1,0,0,0,0,0,0,0,0,0,0,0,0,1,0,0,0,0,1,0,0,0,0,1,0,0,0,0,1,0,0,0,0,0,0,0,0,0,1,1
1,https://www.smbc-ind.com,https://www2.dekyo.or.jp/403.html,1,1,0,0,0,0,0,0,0,0,0,0,0,0,0,1,0,0,0,0,1,0,0,0,0,1,0,0,0,0,1,0,0,0,0,0,0,0,0,0,0,1
1,http://srv244424.hoster-test.ru/usaa,http://srv244424.hoster-test.ru/usaa/,0,1,0,0,1,0,0,0,0,0,0,0,0,0,0,1,0,0,0,0,1,0,0,0,0,1,0,0,0,0,1,0,0,0,0,0,0,0,0,0,0,0
1,https://triboz.com.br/Mac/index.php,https://triboz.com.br/Mac/index.php,1,1,0,0,0,0,0,0,0,0,0,0,0,0,0,1,0,0,0,0,1,0,0,0,0,1,0,0,0,0,1,0,0,0,0,0,0,0,0,0,1,1
1,https://gitachampions.com/.well-known/acme-challenge/jago/index.php,https://gitachampions.com/.well-known/acme-challenge/jago/index.php,1,0,1,0,1,0,0,0,0,0,0,0,0,0,0,1,0,0,0,0,1,0,0,0,0,1,0,0,0,0,1,0,0,0,0,0,0,0,0,0,1,1
1,https://forms.gle/sy7NHR5ajFvo7dEZ8,https://docs.google.com/forms/d/e/1FAIpQLSf8HCpHWY4A-lewU-z7a_-PbxLw69JbEs7n0KpL0iRqbn_nVA/viewform?usp=send_form,1,0,0,1,1,0,0,0,0,0,0,0,0,0,0,0,1,0,0,0,0,1,0,0,0,1,0,0,0,0,1,0,0,0,0,0,0,0,0,0,1,0
1,https://forms.gle/SGwTf7t6av9ZRANa6,https://docs.google.com/forms/d/e/1FAIpQLSe7i_H0lV9Qh_ZUfyXfITgaNgZd51JkTTwwM0D96n14-ti6Tw/viewform?usp=send_form,1,0,0,1,1,0,0,0,0,0,0,0,0,0,0,0,1,0,0,0,0,1,0,0,0,1,0,0,0,0,1,0,0,0,0,0,0,0,0,0,1,0
1,https://bafybeifpqhyzn73oe4u5fepceonr6hbpvffuxj7vikwnwh3wkrp2v3blei.ipfs.dweb.link/,https://bafybeifpqhyzn73oe4u5fepceonr6hbpvffuxj7vikwnwh3wkrp2v3blei.ipfs.dweb.link/,1,0,1,0,0,0,0,0,0,0,0,0,0,0,0,1,0,0,0,0,1,0,0,0,0,1,0,0,0,0,1,0,0,0,0,0,0,0,0,0,0,0
1,https://ipfs.io/ipns/k51qzi5uqu5dme00l7692c9ehbr4bu5n3u4f74cvk02c8inq6ffzuoi4p3qtpi,https://ipfs.io/ipns/k51qzi5uqu5dme00l7692c9ehbr4bu5n3u4f74cvk02c8inq6ffzuoi4p3qtpi,1,0,1,0,0,0,0,0,0,0,0,0,0,0,0,1,0,0,0,0,1,0,0,0,0,1,0,0,0,0,1,0,0,0,0,0,0,0,0,0,0,0
1,https://t.co/U6uyKJaESB,https://twitter.com/safety/unsafe_link_warning?unsafe_link=https://ozkillikvincgaleri.com.tr/wp-includes/ar24,1,0,0,1,1,0,0,0,0,0,0,0,0,0,0,0,1,0,0,0,0,1,0,0,0,1,0,0,0,0,1,0,0,0,0,0,0,0,0,0,1,0
1,https://ozkillikvincgaleri.com.tr/wp-includes/ar24/,https://ozkillikvincgaleri.com.tr/wp-includes/ar24/,1,0,1,0,1,0,0,0,0,0,0,0,0,0,0,1,0,0,0,0,1,0,0,0,0,1,0,0,0,0,1,0,0,0,0,0,0,0,0,0,1,0
1,https://t.co/bmYmk4NAwT,https://imaginariumofvancouver.com/wp-admin/js/widgets/st6/6/out.php,1,0,1,0,1,0,0,0,0,0,0,0,0,0,0,1,0,0,0,0,1,0,0,0,0,1,0,0,0,0,1,0,0,0,0,0,0,0,0,0,1,1
1,https://t.co/leSbhhlhoa,https://twitter.com/safety/unsafe_link_warning?unsafe_link=http://wap.hiphonegroup.com/assets/images/cgi-ent/link.html,1,0,0,1,1,0,0,0,0,0,0,0,0,0,0,0,1,0,0,0,0,1,0,0,0,1,0,0,0,0,1,0,0,0,0,0,0,0,0,0,1,0
1,https://cardkd.cn/wp-admin/cgi-ent/newweeetrade.html,https://cardkd.cn/wp-admin/cgi-ent/newweeetrade.html,1,0,1,0,1,0,0,0,0,0,0,0,0,0,0,1,0,0,0,0,1,0,0,0,0,1,0,0,0,0,1,0,0,0,0,0,0,0,0,0,0,0
1,https://jumply.sa.com/Leumi/,https://jumply.sa.com/Leumi/,1,1,0,0,0,0,0,0,0,0,0,0,0,0,0,1,0,0,0,0,1,0,0,0,0,1,0,0,0,0,1,0,0,0,0,0,0,0,0,0,1,1
1,https://yojaryou.sa.com/Leumi/,https://yojaryou.sa.com/Leumi/,1,1,0,0,0,0,0,0,0,0,0,0,0,0,0,1,0,0,0,0,1,0,0,0,0,1,0,0,0,0,1,0,0,0,0,0,0,0,0,0,1,1
1,https://l.wl.co/l?u=https://qr-codes.io/orm7qU,https://l.wl.co/l?u=https://qr-codes.io/orm7qU,1,1,0,0,1,0,0,0,0,0,0,0,0,0,0,1,0,0,0,0,1,0,0,0,0,1,0,0,0,0,1,0,0,0,0,0,0,0,0,0,1,1
1,https://qr-codes.io/orm7qU,https://qr-codes.io/orm7qU,1,1,0,0,1,0,0,0,0,0,0,0,0,0,0,1,0,0,0,0,1,0,0,0,0,1,0,0,0,0,1,0,0,0,0,0,0,0,1,0,1,1
1,https://l.wl.co/l?u=https://qr-codes.io/eu6ozA,https://l.wl.co/l?u=https://qr-codes.io/eu6ozA,1,1,0,0,1,0,0,0,0,0,0,0,0,0,0,1,0,0,0,0,1,0,0,0,0,1,0,0,0,0,1,0,0,0,0,0,0,0,0,0,1,1
1,https://qr-codes.io/eu6ozA,https://qr-codes.io/eu6ozA,1,1,0,0,1,0,0,0,0,0,0,0,0,0,0,1,0,0,0,0,1,0,0,0,0,1,0,0,0,0,1,0,0,0,0,0,0,0,1,0,1,1
1,https://qr-codes.io/dscuyM,https://qr-codes.io/dscuyM,1,1,0,0,1,0,0,0,0,0,0,0,0,0,0,1,0,0,0,0,1,0,0,0,0,1,0,0,0,0,1,0,0,0,0,0,0,0,1,0,1,1
1,https://qr-codes.io/38046F,https://qr-codes.io/38046F,1,1,0,0,1,0,0,0,0,0,0,0,0,0,0,1,0,0,0,0,1,0,0,0,0,1,0,0,0,0,1,0,0,0,0,0,0,0,1,0,1,1
1,http://bncmontepio24.shop,http://bncmontepio24.shop/,0,1,0,0,0,0,0,0,0,0,0,0,0,0,0,1,0,0,0,0,1,0,0,0,0,1,0,0,0,0,1,0,0,0,0,0,0,0,0,0,0,1
1,https://static-amount-404464.framer.app/,https://static-amount-404464.framer.app/,1,1,0,0,1,1,0,0,0,0,0,0,0,0,0,0,1,0,0,0,0,1,0,0,0,1,0,0,0,0,1,0,0,0,0,0,0,1,0,0,0,0
1,http://allegrolokalnie.78128.me,http://allegrolokalnie.78128.me/,0,1,0,0,0,0,0,0,0,0,0,0,0,0,0,1,0,0,0,0,1,0,0,0,0,1,0,0,0,0,1,0,0,0,0,0,0,0,0,0,0,1
1,https://mon-crenau-relay-2025.com/,https://mon-crenau-relay-2025.com/,1,1,0,0,1,0,0,0,0,0,0,0,0,0,0,1,0,0,0,0,1,0,0,0,0,1,0,0,0,0,1,0,0,0,0,0,0,0,0,0,1,1
1,https://mon-crenau-relay-2025.com/index.php,https://mon-crenau-relay-2025.com/index.php,1,1,0,0,1,0,0,0,0,0,0,0,0,0,0,1,0,0,0,0,1,0,0,0,0,1,0,0,0,0,1,0,0,0,0,0,0,0,0,0,1,1
1,https://public.gensparkspace.com/api/files/s/KpdL1qod,https://public.gensparkspace.com/api/files/s/KpdL1qod,1,0,1,0,0,0,0,0,0,0,0,0,0,0,0,1,0,0,0,0,1,0,0,0,0,1,0,0,0,0,1,0,0,0,0,0,0,0,0,0,1,1
1,https://app.consultartroca.digital,https://app.consultartroca.digital/,1,1,0,0,0,0,0,0,0,0,0,0,0,0,0,1,0,0,0,0,1,0,0,0,0,1,0,0,0,0,1,0,0,0,0,0,0,0,0,0,1,1
1,https://new.express.adobe.com/webpage/9OuYAtlagBomW,https://new.express.adobe.com/webpage/9OuYAtlagBomW,1,0,1,0,0,1,0,0,0,0,0,0,0,0,0,1,0,0,0,0,1,0,0,0,0,1,0,0,0,0,1,0,0,0,0,0,0,0,0,0,1,0
1,https://interactive-eu.s3.us-west-1.amazonaws.com/1uBB19S2gRat5?email=redacted@abuse.ionos.com,https://interactive-eu.s3.us-west-1.amazonaws.com/1uBB19S2gRat5?email=redacted@abuse.ionos.com,1,0,1,0,1,0,0,0,0,0,0,0,0,0,0,1,0,0,0,0,1,0,0,0,0,1,0,0,0,0,1,0,0,0,0,0,0,0,0,0,1,0
1,https://www.miricanvas.com/v2/design2/v/f9ed4b1b-3fb5-413a-b11b-67a0adf581c0,https://www.miricanvas.com/v2/design2/v/f9ed4b1b-3fb5-413a-b11b-67a0adf581c0,1,0,1,0,1,0,0,0,0,0,0,0,0,0,0,1,0,0,0,0,0,1,0,0,0,1,0,0,0,0,1,0,0,0,0,1,0,1,0,0,1,0
1,https://dentehotenstvi.cz/?amp;zoneid=1931&amp;source=&amp;dest=https://triumphant-approach-030134.framer.app/,https://dentehotenstvi.cz/?amp;zoneid=1931&amp;source=&amp;dest=https://triumphant-approach-030134.framer.app/,1,0,0,1,1,1,0,0,0,0,0,0,0,0,0,0,1,0,0,0,0,1,0,0,0,1,0,0,0,0,1,0,0,0,0,0,0,0,0,0,0,0
1,https://daxiangyouxi.com/?token=7cCR1vm6UGs3SakC,https://www.smbc-card.com/index.jsp,1,1,0,0,1,0,0,0,0,0,0,0,0,0,0,1,0,0,0,0,1,0,0,0,0,1,0,0,0,0,1,0,0,0,0,0,0,0,1,0,1,0
1,https://fr-mrelay.com/,https://fr-mrelay.com/,1,1,0,0,1,0,0,0,0,0,0,0,0,0,0,1,0,0,0,0,1,0,0,0,0,1,0,0,0,0,1,0,0,0,0,0,0,0,0,0,1,1
1,https://fr-mrelay.com/as.php,https://fr-mrelay.com/as.php,1,1,0,0,1,0,0,0,0,0,0,0,0,0,0,1,0,0,0,0,1,0,0,0,0,1,0,0,0,0,1,0,0,0,0,0,0,0,0,0,1,1
1,https://www.fr-mrelay.com/,https://www.fr-mrelay.com/,1,1,0,0,1,0,0,0,0,0,0,0,0,0,0,1,0,0,0,0,1,0,0,0,0,1,0,0,0,0,1,0,0,0,0,0,0,0,0,0,1,1
1,https://novoempresta.vercel.app/,https://novoempresta.vercel.app/,1,1,0,0,0,0,0,0,0,0,0,0,0,0,0,1,0,0,0,0,1,0,0,0,0,1,0,0,0,0,1,0,0,0,0,0,0,0,0,0,0,0
1,https://exodus-wallet.global.ssl.fastly.net//exodus.html,https://exodus-wallet.global.ssl.fastly.net//exodus.html,1,0,1,0,1,0,0,0,0,0,0,0,0,0,0,1,0,0,0,0,1,0,0,0,0,1,0,0,0,0,1,0,0,0,0,0,0,0,0,0,1,0
1,https://jximedia.com/fr/gta.php,https://provial.cl/de/strato/auth/login.php,1,1,0,0,0,0,0,0,0,0,0,0,0,0,0,1,0,0,0,0,1,0,0,0,0,1,0,0,0,0,1,0,0,0,0,0,0,0,0,0,0,1
1,https://triboz.com.br/Mac/index.php?emp=redacted@abuse.ionos.com,https://triboz.com.br/Mac/index.php?emp=redacted@abuse.ionos.com,1,0,1,0,1,0,0,0,0,0,0,0,0,0,0,1,0,0,0,0,1,0,0,0,0,1,0,0,0,0,1,0,0,0,0,0,0,0,0,0,1,1
1,https://beneficios-prombanproduction.vercel.app/,https://beneficios-prombanproduction.vercel.app/,1,1,0,0,1,0,0,0,0,0,0,0,0,0,0,1,0,0,0,0,1,0,0,0,0,1,0,0,0,0,1,0,0,0,0,0,0,0,0,0,0,1
1,https://excellentorganicshop.com/count/temp/time/?zonealldom=aaaa@example.jp,https://excellentorganicshop.com/cgi-sys/suspendedpage.cgi?zonealldom=aaaa@example.jp,1,0,1,0,1,0,0,0,0,0,0,0,0,0,0,0,1,0,0,0,1,0,0,0,0,1,0,0,0,0,1,0,0,0,0,0,0,0,0,0,1,1
1,https://ipfs.io/ipfs/bafkreicbfraar7276wutlutlrolpji5uy23yrpqr3jdlpkifhafxremwdu?eta=,https://ipfs.io/ipfs/bafkreicbfraar7276wutlutlrolpji5uy23yrpqr3jdlpkifhafxremwdu?eta=,1,0,1,0,0,0,0,0,0,0,0,0,0,0,0,1,0,0,0,0,1,0,0,0,0,1,0,0,0,0,1,0,0,0,0,0,0,0,0,0,0,0
1,https://twcroadrunnersyu.weebly.com/,https://twcroadrunnersyu.weebly.com/,1,1,0,0,0,0,0,0,0,0,0,0,0,0,0,0,1,0,0,0,1,0,0,0,0,1,0,0,0,0,1,0,0,0,0,0,0,0,0,0,1,0
1,https://sp62332.sitebeat.crazydomains.com/,https://sp62332.sitebeat.crazydomains.com/,1,1,0,0,0,0,0,0,0,0,0,0,0,0,0,1,0,0,0,0,0,1,0,0,0,1,0,0,0,0,1,0,0,0,0,0,0,1,0,0,1,0
1,https://sp181607.sitebeat.crazydomains.com/,https://sp181607.sitebeat.crazydomains.com/,1,1,0,0,0,0,0,0,0,0,0,0,0,0,0,0,1,0,0,0,1,0,0,0,0,1,0,0,0,0,1,0,0,0,0,0,0,0,0,0,1,0
1,https://mailauthenticationteam.weebly.com/,https://mailauthenticationteam.weebly.com/,1,1,0,0,0,0,0,0,0,0,0,0,0,0,0,0,1,0,0,0,1,0,0,0,0,1,0,0,0,0,1,0,0,0,0,0,0,0,0,0,1,0
1,https://mail-organized-update.weebly.com/,https://mail-organized-update.weebly.com/,1,1,0,0,1,0,0,0,0,0,0,0,0,0,0,0,1,0,0,0,1,0,0,0,0,1,0,0,0,0,1,0,0,0,0,0,0,0,0,0,1,0
1,https://firstcitizens-org.weebly.com/,https://firstcitizens-org.weebly.com/,1,1,0,0,1,0,0,0,0,0,0,0,0,0,0,0,1,0,0,0,1,0,0,0,0,1,0,0,0,0,1,0,0,0,0,0,0,0,0,0,1,0
1,https://wehbmalmtz.vercel.app/?89814f65-4c33-43bf-9da6-d75601d37375,https://wehbmalmtz.vercel.app/?89814f65-4c33-43bf-9da6-d75601d37375,1,0,1,0,1,0,0,0,0,0,0,0,0,0,0,1,0,0,0,0,1,0,0,0,0,1,0,0,0,0,1,0,0,0,0,0,0,0,0,0,0,1
1,https://app.biaresolvetudo.info,https://app.biaresolvetudo.info/,1,1,0,0,0,0,0,0,0,0,0,0,0,0,0,1,0,0,0,0,1,0,0,0,0,1,0,0,0,0,1,0,0,0,0,0,0,0,0,0,0,1
1,https://astar-degens-testing.webflow.io/,https://astar-degens-testing.webflow.io/,1,1,0,0,1,0,0,0,0,0,0,0,0,0,0,1,0,0,0,0,0,1,0,0,0,1,0,0,0,0,1,0,0,0,0,1,0,1,0,0,0,0
1,https://sage-dusk-77ba3d.netlify.app/,https://sage-dusk-77ba3d.netlify.app/,1,1,0,0,1,0,0,0,0,0,0,0,0,0,0,1,0,0,0,0,1,0,0,0,0,1,0,0,0,0,1,0,0,0,0,0,0,0,0,0,1,0
1,https://zonfhev65anki.mocha.app/#x@x.com,https://zonfhev65anki.mocha.app/#x@x.com,1,1,0,0,1,0,0,0,0,0,0,0,0,0,0,1,0,0,0,0,1,0,0,0,0,1,0,0,0,0,1,0,0,0,0,0,0,0,0,0,1,0
1,https://defiflux.netlify.app/,https://defiflux.netlify.app/,1,1,0,0,0,0,0,0,0,0,0,0,0,0,0,1,0,0,0,0,1,0,0,0,0,1,0,0,0,0,1,0,0,0,0,1,0,0,1,0,1,0
1,https://www.genspark.ai/api/files/s/ZdxClRN3,https://public.gensparkspace.com/api/files/s/ZdxClRN3,1,0,1,0,0,0,0,0,0,0,0,0,0,0,0,1,0,0,0,0,1,0,0,0,0,1,0,0,0,0,1,0,0,0,0,0,0,0,0,0,1,1
1,https://www.dropbox.com/scl/fi/r3p8iyvejbppg5qfyahxx/Untitled.paper?rlkey=zh923h6p3do287ojr5l96xmv4&st=m1vl9gvk&dl=0,https://www.dropbox.com/scl/fi/r3p8iyvejbppg5qfyahxx/Untitled.paper?rlkey=zh923h6p3do287ojr5l96xmv4&st=m1vl9gvk&dl=0,1,0,0,1,0,1,0,0,0,0,0,0,0,0,0,1,0,0,0,0,0,1,0,0,0,1,0,0,0,0,1,0,0,0,0,0,0,0,0,0,1,0
1,https://mailserviceatt.makeweb.co/,https://mailserviceatt.makeweb.co/,1,1,0,0,0,1,0,0,0,0,0,0,0,0,0,0,1,0,0,0,0,1,0,0,0,1,0,0,0,0,1,0,0,0,0,0,0,1,0,0,1,0
1,https://bafkreiaq3pljos4ltygvhnewtlebhqwsqymrhxjb6e4xbx34z5m6dewyp4.ipfs.dweb.link/,https://bafkreiaq3pljos4ltygvhnewtlebhqwsqymrhxjb6e4xbx34z5m6dewyp4.ipfs.dweb.link/,1,0,1,0,0,0,0,0,0,0,0,0,0,0,0,1,0,0,0,0,1,0,0,0,0,1,0,0,0,0,1,0,0,0,0,0,0,0,0,0,0,0
1,https://www.jotform.com/app/253386503514153,https://www.jotform.com/app/253386503514153,1,1,0,0,0,0,0,0,0,0,0,0,0,0,0,1,0,0,0,0,0,1,0,0,0,1,0,0,0,0,1,0,0,0,0,0,0,0,0,0,1,0
1,https://dfhgjkg.blob.core.windows.net/rtyudfhfh/index.html,https://dfhgjkg.blob.core.windows.net/rtyudfhfh/index.html,1,0,1,0,0,0,0,0,0,0,0,0,0,0,0,1,0,0,0,0,1,0,0,0,0,1,0,0,0,0,1,0,0,0,0,0,0,0,0,0,1,1
1,https://gsupplements.vercel.app/,https://gsupplements.vercel.app/,1,1,0,0,0,0,0,0,0,0,0,0,0,0,0,1,0,0,0,0,1,0,0,0,0,1,0,0,0,0,1,0,0,0,0,0,0,1,1,0,0,1
1,https://package-notice.com/,https://package-notice.com/,1,1,0,0,1,0,0,0,0,0,0,0,0,0,0,1,0,0,0,0,1,0,0,0,0,1,0,0,0,0,1,0,0,0,0,0,0,0,0,0,1,0
1,https://package-notice.com/index.php,https://package-notice.com/index.php,1,1,0,0,1,0,0,0,0,0,0,0,0,0,0,1,0,0,0,0,1,0,0,0,0,1,0,0,0,0,1,0,0,0,0,0,0,0,0,0,1,0
1,https://corfuseafish.com/jp#,http://ww25.corfuseafish.com/jp?subid1=20251214-0628-1706-a3f8-29f504bbbcb0,0,0,1,0,1,0,0,0,0,0,0,0,0,0,0,1,0,0,0,0,1,0,0,0,0,1,0,0,0,0,1,0,0,0,0,0,0,0,0,0,1,1
1,https://ulyspeage-co.com/,https://ulyspeage-co.com/,1,1,0,0,1,0,0,0,0,0,0,0,0,0,0,1,0,0,0,0,1,0,0,0,0,1,0,0,0,0,1,0,0,0,0,0,0,0,0,0,1,1
1,https://ulyspeage-co.com/info,https://ulyspeage-co.com/info,1,1,0,0,1,0,0,0,0,0,0,0,0,0,0,1,0,0,0,0,1,0,0,0,0,1,0,0,0,0,1,0,0,0,0,0,0,0,0,0,1,1
1,https://www.ulyspeage-co.com/,https://www.ulyspeage-co.com/,1,1,0,0,1,0,0,0,0,0,0,0,0,0,0,1,0,0,0,0,1,0,0,0,0,1,0,0,0,0,1,0,0,0,0,0,0,0,0,0,1,1
1,https://msrumbrella.com,https://msrumbrella.com/,1,1,0,0,0,0,0,0,0,0,0,0,0,0,0,1,0,0,0,0,1,0,0,0,0,1,0,0,0,0,1,0,0,0,0,0,0,0,0,0,1,0
1,https://hmnvv.com%E2%88%95EsrXRl%E2%88%95zXIrzdWlq%E2%88%95KNuUDxAL%E2%88%95WYbDVa%E2%88%95bKfvYf@wtwyrqh.qfg7yyok.cn/,https://hmnvv.com%E2%88%95EsrXRl%E2%88%95zXIrzdWlq%E2%88%95KNuUDxAL%E2%88%95WYbDVa%E2%88%95bKfvYf@wtwyrqh.qfg7yyok.cn/,1,0,0,1,1,0,0,0,0,0,0,0,0,0,0,1,0,0,0,0,1,0,0,0,0,1,0,0,0,0,1,0,0,0,0,0,0,0,0,0,1,1
1,https://afemaicollegeonline.com/web,https://afemaicollegeonline.com/web/,1,1,0,0,0,0,0,0,0,0,0,0,0,0,0,1,0,0,0,0,1,0,0,0,0,1,0,0,0,0,1,0,0,0,0,0,0,0,0,0,1,1
1,https://myaccracity.com/plala.or.jp/plala.or.jp/,https://myaccracity.com/plala.or.jp/plala.or.jp/,1,1,0,0,0,0,0,0,0,0,0,0,0,0,0,1,0,0,0,0,1,0,0,0,0,1,0,0,0,0,1,0,0,0,0,0,0,0,0,0,1,0
1,https://sportseye.com.pk/Softaccount/Sites/index.html,https://sportseye.com.pk/cgi-sys/suspendedpage.cgi,1,1,0,0,1,0,0,0,0,0,0,0,0,0,0,0,1,0,0,0,1,0,0,0,0,1,0,0,0,0,1,0,0,0,0,0,0,0,0,0,1,1
1,https://inofwumu.com%E2%88%95ksdTLKr%E2%88%95pIDUFdG%E2%88%95mqZMVR@zktltod.cn/JyofXYd/profile/Ho7IL3sRXn/xi1k-btw/product/kuA8Zp1VXMV-3/9_w8LS/billing/iyuBY/product/tO0Nq6JwyFvZo/_dfdE/wishlist?page=w4rS&amp;category=7EomU&amp;clickid=EqwlJGco2_Rz,https://inofwumu.com%E2%88%95ksdTLKr%E2%88%95pIDUFdG%E2%88%95mqZMVR@zktltod.cn/JyofXYd/profile/Ho7IL3sRXn/xi1k-btw/product/kuA8Zp1VXMV-3/9_w8LS/billing/iyuBY/product/tO0Nq6JwyFvZo/_dfdE/wishlist?page=w4rS&amp;category=7EomU&amp;clickid=EqwlJGco2_Rz,1,0,0,1,1,0,0,0,0,0,0,0,0,0,0,1,0,0,0,0,1,0,0,0,0,1,0,0,0,0,1,0,0,0,0,0,0,0,0,0,1,1
1,https://public-crypto-ledger-en.typedream.app/,https://public-crypto-ledger-en.typedream.app/,1,1,0,0,1,0,0,0,0,0,0,0,0,0,0,0,1,0,0,0,1,0,0,0,0,1,0,0,0,0,1,0,0,0,0,0,0,1,0,0,0,0
1,http://lngresarbhd.webcindario.com,http://lngresarbhd.webcindario.com/,0,1,0,0,0,0,0,0,0,0,0,0,0,0,0,1,0,0,0,0,1,0,0,0,0,1,0,0,0,0,1,0,0,0,0,0,0,0,0,0,1,1
1,https://lngresarbhd.webcindario.com/,https://lngresarbhd.webcindario.com/,1,1,0,0,0,0,0,0,0,0,0,0,0,0,0,1,0,0,0,0,1,0,0,0,0,1,0,0,0,0,1,0,0,0,0,0,0,0,0,0,1,1
1,https://get-now-helpsnet.com/,https://get-now-helpsnet.com/,1,1,0,0,1,0,0,0,0,0,0,0,0,0,0,1,0,0,0,0,1,0,0,0,0,1,0,0,0,0,1,0,0,0,0,0,0,0,0,0,1,1
1,https://get-now-helpsnet.com/captcha,https://get-now-helpsnet.com/captcha,1,1,0,0,1,0,0,0,0,0,0,0,0,0,0,1,0,0,0,0,1,0,0,0,0,1,0,0,0,0,1,0,0,0,0,0,0,0,0,0,1,1
1,https://ntflx-cuentas.com/,https://ntflx-cuentas.com/,1,1,0,0,1,0,0,0,0,0,0,0,0,0,0,1,0,0,0,0,1,0,0,0,0,1,0,0,0,0,1,0,0,0,0,0,0,0,0,0,1,1
1,https://ntflx-cuentas.com/captcha,https://ntflx-cuentas.com/captcha,1,1,0,0,1,0,0,0,0,0,0,0,0,0,0,1,0,0,0,0,1,0,0,0,0,1,0,0,0,0,1,0,0,0,0,0,0,0,0,0,1,1
1,https://www.ntflx-cuentas.com/captcha,https://www.ntflx-cuentas.com/captcha,1,1,0,0,1,0,0,0,0,0,0,0,0,0,0,1,0,0,0,0,1,0,0,0,0,1,0,0,0,0,1,0,0,0,0,0,0,0,0,0,1,1
1,http://kuccoinl0giin.godaddysites.com,https://kuccoinl0giin.godaddysites.com/,1,1,0,0,0,0,0,0,0,0,0,0,0,0,0,1,0,0,0,0,1,0,0,0,0,1,0,0,0,0,1,0,0,0,0,0,0,1,0,0,1,0
1,https://trzriostrt.kesug.com/,https://trzriostrt.kesug.com/,1,1,0,0,0,0,0,0,0,0,0,0,0,0,0,1,0,0,0,0,1,0,0,0,0,1,0,0,0,0,1,0,0,0,0,0,0,0,0,0,1,1
1,https://tantantatan.com/QTeuUe,https://tantantatan.com/QTeuUe,1,1,0,0,0,0,0,0,0,0,0,0,0,0,0,1,0,0,0,0,1,0,0,0,0,1,0,0,0,0,1,0,0,0,0,0,0,0,0,0,1,1
1,https://csmeifengji.com/QTeuUe,https://csmeifengji.com/QTeuUe,1,1,0,0,0,0,0,0,0,0,0,0,0,0,0,1,0,0,0,0,1,0,0,0,0,1,0,0,0,0,1,0,0,0,0,0,0,0,0,0,1,1
1,https://www1.shogunmonitor.com/cuscatlanhn/index.html,https://www1.shogunmonitor.com/cuscatlanhn/index.html,1,0,1,0,0,0,0,0,0,0,0,0,0,0,0,1,0,0,0,0,1,0,0,0,0,1,0,0,0,0,1,0,0,0,0,0,0,0,0,0,1,1
1,https://exodus-ten-five-sigma-dfasf-98457-343564-goa.vercel.app,https://exodus-ten-five-sigma-dfasf-98457-343564-goa.vercel.app/,1,0,1,0,1,0,0,0,0,0,0,0,0,0,0,1,0,0,0,0,1,0,0,0,0,1,0,0,0,0,1,0,0,0,0,0,0,0,0,0,0,0
1,https://support-lledgerstart.webflow.io/,https://support-lledgerstart.webflow.io/,1,1,0,0,1,1,0,0,0,0,0,0,0,0,0,1,0,0,0,0,0,1,0,0,0,1,0,0,0,0,1,0,0,0,0,0,0,0,0,0,0,1
1,https://trezosiofsatrt.webflow.io/,https://trezosiofsatrt.webflow.io/,1,1,0,0,0,0,0,0,0,0,0,0,0,0,0,0,1,0,0,0,0,1,0,0,0,1,0,0,0,0,1,0,0,0,0,0,0,1,0,0,0,1
1,https://trexurwzlts.webflow.io/,https://trexurwzlts.webflow.io/,1,1,0,0,0,0,0,0,0,0,0,0,0,0,0,0,1,0,0,0,0,1,0,0,0,1,0,0,0,0,1,0,0,0,0,0,0,1,0,0,0,1
1,https://zimbra-veri03.weebly.com/,https://zimbra-veri03.weebly.com/,1,1,0,0,1,0,0,0,0,0,0,0,0,0,0,0,1,0,0,0,1,0,0,0,0,1,0,0,0,0,1,0,0,0,0,0,0,0,0,0,1,0
1,https://webmail-venturecomm-net.weebly.com/,https://webmail-venturecomm-net.weebly.com/,1,1,0,0,1,0,0,0,0,0,0,0,0,0,0,0,1,0,0,0,1,0,0,0,0,1,0,0,0,0,1,0,0,0,0,0,0,0,0,0,1,0
1,https://understandingnewgraded.weebly.com/,https://understandingnewgraded.weebly.com/,1,1,0,0,0,0,0,0,0,0,0,0,0,0,0,0,1,0,0,0,1,0,0,0,0,1,0,0,0,0,1,0,0,0,0,0,0,0,0,0,1,0
1,https://online-sharepointmsn-live.weebly.com/,https://online-sharepointmsn-live.weebly.com/,1,1,0,0,1,0,0,0,0,0,0,0,0,0,0,0,1,0,0,0,1,0,0,0,0,1,0,0,0,0,1,0,0,0,0,0,0,0,0,0,1,0
1,https://attmailcenter-106813.weeblysite.com/,https://attmailcenter-106813.weeblysite.com/,1,1,0,0,1,0,0,0,0,0,0,0,0,0,0,1,0,0,0,0,1,0,0,0,0,1,0,0,0,0,1,0,0,0,0,0,0,0,0,0,1,0
1,https://093421tr.weebly.com/,https://093421tr.weebly.com/,1,1,0,0,0,0,0,0,0,0,0,0,0,0,0,0,1,0,0,0,1,0,0,0,0,1,0,0,0,0,1,0,0,0,0,0,0,0,0,0,1,0
1,https://www.skynetsystemsugx.com/app,https://www.skynetsystemsugx.com/app/,1,1,0,0,0,0,0,0,0,0,0,0,0,0,0,1,0,0,0,0,1,0,0,0,0,1,0,0,0,0,1,0,0,0,0,0,0,0,0,0,1,1
1,https://ipfs.io/ipfs/bafkreifrn2epr26pgeac2mrskziu35ixajxsn33ga27k4og5q7azq5sphe,https://ipfs.io/ipfs/bafkreifrn2epr26pgeac2mrskziu35ixajxsn33ga27k4og5q7azq5sphe,1,0,1,0,0,0,0,0,0,0,0,0,0,0,0,1,0,0,0,0,1,0,0,0,0,1,0,0,0,0,1,0,0,0,0,0,0,0,0,0,0,0
1,https://tko.swa.mybluehost.me/DHL-UK/,https://tko.swa.mybluehost.me/cgi-sys/suspendedpage.cgi,1,0,1,0,1,0,0,0,0,0,0,0,0,0,0,1,0,0,0,0,1,0,0,0,0,1,0,0,0,0,1,0,0,0,0,0,0,0,0,0,0,1
1,https://flamita.click/,https://flamita.click/,1,1,0,0,0,0,0,0,0,0,0,0,0,0,0,1,0,0,0,0,1,0,0,0,0,1,0,0,0,0,1,0,0,0,0,0,0,0,0,0,0,1
1,https://ledger-us-live-login.vercel.app/,https://ledger-us-live-login.vercel.app/,1,1,0,0,1,0,0,0,0,0,0,0,0,0,0,1,0,0,0,0,1,0,0,0,0,1,0,0,0,0,1,0,0,0,0,0,0,0,0,0,0,0
1,https://zxf.zmk.mybluehost.me/wp-content/tabsan/NRD/a7af852/Sign_in.php,https://zxf.zmk.mybluehost.me/cgi-sys/suspendedpage.cgi,1,0,1,0,1,0,0,0,0,0,0,0,0,0,0,1,0,0,0,0,1,0,0,0,0,1,0,0,0,0,1,0,0,0,0,0,0,0,0,0,0,1
1,https://magenta-tenets-857917.framer.app/,https://magenta-tenets-857917.framer.app/,1,1,0,0,1,1,0,0,0,0,0,0,0,0,0,0,1,0,0,0,0,1,0,0,0,1,0,0,0,0,1,0,0,0,0,0,0,1,0,0,1,0
1,http://u96704po.beget.tech/,http://u96704po.beget.tech/,0,1,0,0,0,0,0,0,0,0,0,0,0,0,0,1,0,0,0,0,1,0,0,0,0,1,0,0,0,0,1,0,0,0,0,0,0,0,0,0,0,0
1,http://allegrolokalnie.67013.click,http://allegrolokalnie.67013.click/,0,1,0,0,0,0,0,0,0,0,0,0,0,0,0,1,0,0,0,0,1,0,0,0,0,1,0,0,0,0,1,0,0,0,0,0,0,0,0,0,0,1
1,http://allegrolokalnie.78626.me,http://allegrolokalnie.78626.me/,0,1,0,0,0,0,0,0,0,0,0,0,0,0,0,1,0,0,0,0,1,0,0,0,0,1,0,0,0,0,1,0,0,0,0,0,0,0,0,0,0,1
1,https://magentai.qpon/index.html/,https://magentai.qpon/index.html/,1,1,0,0,0,0,0,0,0,0,0,0,0,0,0,1,0,0,0,0,1,0,0,0,0,1,0,0,0,0,1,0,0,0,0,0,0,0,0,0,0,1
1,http://metamask.tasheeltheqa.com/,http://metamask.tasheeltheqa.com/,0,1,0,0,0,0,0,0,0,0,0,0,0,0,0,1,0,0,0,0,1,0,0,0,0,1,0,0,0,0,1,0,0,0,0,0,0,0,0,0,1,0
1,https://souma-g.heteml.net/hinet-net-tw-web-mail/csg2000-hinet-net/webmail-hinet-net-mailService/hinet-net-mail/M_main_2_move_mail-hinet_net/,https://souma-g.heteml.net/hinet-net-tw-web-mail/csg2000-hinet-net/webmail-hinet-net-mailService/hinet-net-mail/M_main_2_move_mail-hinet_net/,1,0,0,1,1,0,0,0,0,0,0,0,0,0,0,1,0,0,0,0,1,0,0,0,0,1,0,0,0,0,1,0,0,0,0,0,0,0,0,0,1,0
1,https://lvgseguranca.com.br/wp-content/we/83773922.html,https://lvgseguranca.com.br/wp-content/we/83773922.html,1,0,1,0,1,0,0,0,0,0,0,0,0,0,0,1,0,0,0,0,1,0,0,0,0,1,0,0,0,0,1,0,0,0,0,0,0,0,0,0,1,0
1,https://redirection-colis.com/captcha.php,https://redirection-colis.com/captcha.php,1,1,0,0,1,0,0,0,0,0,0,0,0,0,0,1,0,0,0,0,1,0,0,0,0,1,0,0,0,0,1,0,0,0,0,0,0,0,0,0,1,1
1,https://uu.edu.et/CH/Identifizierung/CSS/,https://uu.edu.et/CH/Identifizierung/CSS/,1,1,0,0,0,0,0,0,0,0,0,0,0,0,0,1,0,0,0,0,1,0,0,0,0,1,0,0,0,0,1,0,0,0,0,0,0,0,0,0,1,0
1,https://www.assistance-amelienligne.com/,https://www.assistance-amelienligne.com/,1,1,0,0,1,0,0,0,0,0,0,0,0,0,0,1,0,0,0,0,1,0,0,0,0,1,0,0,0,0,1,0,0,0,0,0,0,0,0,0,1,1
1,http://allegrolokalnie.pl-oferta-7940917288.shop/,http://allegrolokalnie.pl-oferta-7940917288.shop/,0,1,0,0,1,0,0,0,0,0,0,0,0,0,0,1,0,0,0,0,1,0,0,0,0,1,0,0,0,0,1,0,0,0,0,0,0,0,0,0,0,1
1,https://app.bia-resolve.digital,https://app.bia-resolve.digital/,1,1,0,0,1,0,0,0,0,0,0,0,0,0,0,1,0,0,0,0,1,0,0,0,0,1,0,0,0,0,1,0,0,0,0,0,0,0,0,0,0,1
1,https://gsuplementosbrasil.vercel.app/,https://gsuplementosbrasil.vercel.app/,1,1,0,0,0,0,0,0,0,0,0,0,0,0,0,1,0,0,0,0,1,0,0,0,0,1,0,0,0,0,1,0,0,0,0,0,0,1,1,0,0,1
1,https://zimbrasitesnotification.weebly.com/,https://zimbrasitesnotification.weebly.com/,1,1,0,0,0,0,0,0,0,0,0,0,0,0,0,0,1,0,0,0,1,0,0,0,0,1,0,0,0,0,1,0,0,0,0,0,0,0,0,0,1,0
1,https://courrielweb66.weebly.com/,https://courrielweb66.weebly.com/,1,1,0,0,0,0,0,0,0,0,0,0,0,0,0,0,1,0,0,0,1,0,0,0,0,1,0,0,0,0,1,0,0,0,0,0,0,0,0,0,1,0
1,https://pdfonlineproductlcatalogue.weebly.com/,https://pdfonlineproductlcatalogue.weebly.com/,1,1,0,0,0,0,0,0,0,0,0,0,0,0,0,0,1,0,0,0,1,0,0,0,0,1,0,0,0,0,1,0,0,0,0,0,0,0,0,0,1,0
1,https://scanned.page/p/R1x0KV,https://scanned.page/p/R1x0KV,1,1,0,0,0,1,0,0,0,0,0,0,0,0,0,1,0,0,0,0,0,1,0,0,0,1,0,0,0,0,1,0,0,0,0,0,0,1,0,0,0,1
1,https://cred-pichicha.webcindario.com/,https://cred-pichicha.webcindario.com/,1,1,0,0,1,0,0,0,0,0,0,0,0,0,0,1,0,0,0,0,1,0,0,0,0,1,0,0,0,0,1,0,0,0,0,0,0,0,0,0,1,1
1,http://edrfcszref.endoftheinternet.org/,https://login-sella.safeaccount2645.com/index.html,1,1,0,0,1,0,0,0,0,0,0,0,0,0,0,1,0,0,0,0,1,0,0,0,0,1,0,0,0,0,1,0,0,0,0,0,0,0,0,0,1,1
1,https://v0-nuemprestimos.vercel.app,https://v0-nuemprestimos.vercel.app/,1,1,0,0,1,0,0,0,0,0,0,0,0,0,0,1,0,0,0,0,1,0,0,0,0,1,0,0,0,0,1,0,0,0,0,0,0,0,0,0,0,0
1,https://novofeiraoficial.vercel.app/ofertas,https://novofeiraoficial.vercel.app/ofertas,1,1,0,0,0,0,0,0,0,0,0,0,0,0,0,1,0,0,0,0,1,0,0,0,0,1,0,0,0,0,1,0,0,0,0,0,0,0,0,0,0,0
1,https://ipfs.io/ipfs/bafkreigndhqmidlj2vhc2rrhicd6aujrad4q72kai5d3tm2yjs6asxobji/#x@x.com,https://ipfs.io/ipfs/bafkreigndhqmidlj2vhc2rrhicd6aujrad4q72kai5d3tm2yjs6asxobji/#x@x.com,1,0,1,0,1,0,0,0,0,0,0,0,0,0,0,1,0,0,0,0,1,0,0,0,0,1,0,0,0,0,1,0,0,0,0,0,0,0,0,0,1,0
1,https://tueviengroup.com//wp/wagwedyu/jgjklk/index.php#[x@x.com],https://tueviengroup.com//wp/wagwedyu/jgjklk/index.php#%5Bx@x.com%5D,1,0,1,0,1,0,0,0,0,0,0,0,0,0,0,1,0,0,0,0,1,0,0,0,0,1,0,0,0,0,1,0,0,0,0,0,0,0,0,0,1,1
1,https://mfa.mifrou.my.id/kQavFi@C7xdI/$x@x.com,https://mfa.mifrou.my.id/kQavFi@C7xdI/$x@x.com,1,1,0,0,1,0,0,0,0,0,0,0,0,0,0,1,0,0,0,0,1,0,0,0,0,1,0,0,0,0,1,0,0,0,0,0,0,0,0,0,1,1
1,https://shoppeeofertass.vercel.app/,https://shoppeeofertass.vercel.app/,1,1,0,0,0,0,0,0,0,0,0,0,0,0,0,1,0,0,0,0,1,0,0,0,0,1,0,0,0,0,1,0,0,0,0,0,0,0,0,0,0,0
1,https://www.genspark.ai/api/files/s/lP0Km1Vs,https://public.gensparkspace.com/api/files/s/lP0Km1Vs,1,0,1,0,0,0,0,0,0,0,0,0,0,0,0,1,0,0,0,0,1,0,0,0,0,1,0,0,0,0,1,0,0,0,0,0,0,0,0,0,1,1
1,https://docs.zoom.us/doc/SNzm00KcSPaZgbPGek6kuA,https://docs.zoom.us/doc/SNzm00KcSPaZgbPGek6kuA,1,1,0,0,0,0,0,0,0,0,0,0,0,0,0,1,0,0,0,0,0,1,0,0,0,1,0,0,0,0,1,0,0,0,0,0,0,1,0,0,0,0
1,https://independent-popup-718824.framer.app/page,https://independent-popup-718824.framer.app/page,1,1,0,0,1,1,0,0,0,0,0,0,0,0,0,0,1,0,0,0,0,1,0,0,0,1,0,0,0,0,1,0,0,0,0,0,0,1,0,0,0,0
1,https://extended-subtasks-691866.framer.app/,https://extended-subtasks-691866.framer.app/,1,1,0,0,1,1,0,0,0,0,0,0,0,0,0,0,1,0,0,0,0,1,0,0,0,1,0,0,0,0,1,0,0,0,0,0,0,1,0,0,0,0
1,https://eventscentral.co.za/unaimed/declarator/,https://eventscentral.co.za/unaimed/declarator/,1,1,0,0,0,0,0,0,0,0,0,0,0,0,0,1,0,0,0,0,1,0,0,0,0,1,0,0,0,0,1,0,0,0,0,0,0,0,0,0,1,1
1,https://www.theclub.com.hk/zh.html,https://www.theclub.com.hk/zh.html,1,1,0,0,0,0,0,0,0,0,0,0,0,0,0,1,0,0,0,0,0,1,0,0,0,1,0,0,0,0,1,0,0,0,0,0,0,0,1,0,1,0
1,https://stopsoriasis.co.il/Webmail/webmail.php?email=xxx@utia.cas.cz,https://stopsoriasis.co.il/Webmail/webmail.php?email=xxx@utia.cas.cz,1,0,1,0,1,0,0,0,0,0,0,0,0,0,0,1,0,0,0,0,1,0,0,0,0,1,0,0,0,0,1,0,0,0,0,0,0,0,0,0,1,0
1,https://prezo.ai/public/new-evri-update---6dd554fe-1976-4695-bded-4ac58cf93082,https://prezo.ai/public/new-evri-update---6dd554fe-1976-4695-bded-4ac58cf93082,1,0,1,0,1,1,0,0,0,0,0,0,0,0,0,1,0,0,0,0,1,0,0,0,0,1,0,0,0,0,1,0,0,0,0,0,0,1,0,0,0,0
1,https://prezo.ai/public/copy-of--evri-update--98406e71-1512-408a-ad36-29b3a9a3df1b,https://prezo.ai/public/copy-of--evri-update--98406e71-1512-408a-ad36-29b3a9a3df1b,1,0,1,0,1,1,0,0,0,0,0,0,0,0,0,1,0,0,0,0,1,0,0,0,0,1,0,0,0,0,1,0,0,0,0,0,0,1,0,0,1,0
1,https://noctisolucoes.com.br/data/load/gggg/arubaaufix/web/authen.php,https://noctisolucoes.com.br/data/load/gggg/arubaaufix/web/authen.php,1,0,1,0,0,0,0,0,0,0,0,0,0,0,0,1,0,0,0,0,1,0,0,0,0,1,0,0,0,0,1,0,0,0,0,0,0,0,0,0,1,1
1,https://qr-codes.io/HkQpXa,https://qr-codes.io/HkQpXa,1,1,0,0,1,0,0,0,0,0,0,0,0,0,0,1,0,0,0,0,1,0,0,0,0,1,0,0,0,0,1,0,0,0,0,0,0,0,1,0,1,1
1,https://paywaveebank.com,https://paywaveebank.com/,1,1,0,0,0,1,0,0,0,0,0,0,0,0,0,1,0,0,0,0,1,0,0,0,0,1,0,0,0,0,1,0,0,0,0,1,0,1,0,0,1,0
1,https://acceso-bhd.webcindario.com/,https://acceso-bhd.webcindario.com/,1,1,0,0,1,0,0,0,0,0,0,0,0,0,0,1,0,0,0,0,1,0,0,0,0,1,0,0,0,0,1,0,0,0,0,0,0,0,0,0,1,1
1,https://bhd-ingreso.webcindario.com/,https://bhd-ingreso.webcindario.com/,1,1,0,0,1,0,0,0,0,0,0,0,0,0,0,1,0,0,0,0,1,0,0,0,0,1,0,0,0,0,1,0,0,0,0,0,0,0,0,0,1,1
1,https://netflix-71f05.firebaseapp.com/,https://netflix-71f05.firebaseapp.com/,1,1,0,0,1,0,0,0,0,0,0,0,0,0,0,1,0,0,0,0,1,0,0,0,0,1,0,0,0,0,1,0,0,0,0,0,0,0,0,0,1,1
1,https://website-e8dce2af.pop.owl.temporary.site/,https://website-e8dce2af.pop.owl.temporary.site/cgi-sys/suspendedpage.cgi,1,0,1,0,1,0,0,0,0,0,0,0,0,0,0,1,0,0,0,0,1,0,0,0,0,1,0,0,0,0,1,0,0,0,0,0,0,0,0,0,0,1
1,https://leia-santander.vercel.app/,https://leia-santander.vercel.app/,1,1,0,0,1,0,0,0,0,0,0,0,0,0,0,1,0,0,0,0,1,0,0,0,0,1,0,0,0,0,1,0,0,0,0,0,0,0,0,0,0,0
1,https://ipfs.io/ipfs/bafybeiabhh7uwtdmzmc64acycfbq6v25mqunpxnzaxztnmz57n5jlglmxe/pagt.html,https://ipfs.io/ipfs/bafybeiabhh7uwtdmzmc64acycfbq6v25mqunpxnzaxztnmz57n5jlglmxe/pagt.html,1,0,1,0,0,0,0,0,0,0,0,0,0,0,0,1,0,0,0,0,1,0,0,0,0,1,0,0,0,0,1,0,0,0,0,0,0,0,0,0,0,0
1,https://ipfs.io/ipfs/bafkreiffn6ihnkrgaufftknb4eb554lrk6dikcty7r4jwfsujufm2to4hq,https://ipfs.io/ipfs/bafkreiffn6ihnkrgaufftknb4eb554lrk6dikcty7r4jwfsujufm2to4hq,1,0,1,0,0,0,0,0,0,0,0,0,0,0,0,1,0,0,0,0,0,1,0,0,0,1,0,0,0,0,1,0,0,0,0,0,0,0,0,0,0,0
1,https://phantom-backup.com/,https://phantom-backup.com/,1,1,0,0,1,0,0,0,0,0,0,0,0,0,0,1,0,0,0,0,1,0,0,0,0,1,0,0,0,0,1,0,0,0,0,0,0,0,0,0,1,1
1,https://scaling-waffle-sigma.vercel.app/,https://scaling-waffle-sigma.vercel.app/,1,1,0,0,1,0,0,0,0,0,0,0,0,0,0,1,0,0,0,0,1,0,0,0,0,1,0,0,0,0,1,0,0,0,0,0,0,0,0,0,0,0
1,https://produ-inici0.webcindario.com/,https://produ-inici0.webcindario.com/,1,1,0,0,1,0,0,0,0,0,0,0,0,0,0,1,0,0,0,0,1,0,0,0,0,1,0,0,0,0,1,0,0,0,0,0,0,0,0,0,1,1
1,https://inicio-pr0du.webcindario.com/,https://inicio-pr0du.webcindario.com/,1,1,0,0,1,0,0,0,0,0,0,0,0,0,0,1,0,0,0,0,1,0,0,0,0,1,0,0,0,0,1,0,0,0,0,0,0,0,0,0,1,1
1,https://produinicio.webcindario.com/,https://produinicio.webcindario.com/,1,1,0,0,0,0,0,0,0,0,0,0,0,0,0,1,0,0,0,0,1,0,0,0,0,1,0,0,0,0,1,0,0,0,0,0,0,0,0,0,1,1
1,https://pr0duban.webcindario.com/,https://pr0duban.webcindario.com/,1,1,0,0,0,0,0,0,0,0,0,0,0,0,0,1,0,0,0,0,1,0,0,0,0,1,0,0,0,0,1,0,0,0,0,0,0,0,0,0,1,1
1,https://2ndexpro.webcindario.com/,https://2ndexpro.webcindario.com/,1,1,0,0,0,0,0,0,0,0,0,0,0,0,0,1,0,0,0,0,1,0,0,0,0,1,0,0,0,0,1,0,0,0,0,0,0,0,0,0,1,1
1,https://pr0du-enlinea.webcindario.com/,https://pr0du-enlinea.webcindario.com/,1,1,0,0,1,0,0,0,0,0,0,0,0,0,0,1,0,0,0,0,1,0,0,0,0,1,0,0,0,0,1,0,0,0,0,0,0,0,0,0,1,1
1,https://app.biabonusclicks.live,https://app.biabonusclicks.live/,1,1,0,0,0,0,0,0,0,0,0,0,0,0,0,1,0,0,0,0,1,0,0,0,0,1,0,0,0,0,1,0,0,0,0,0,0,0,0,0,0,1
1,https://app.ativebonus.digital,https://app.ativebonus.digital/,1,1,0,0,0,0,0,0,0,0,0,0,0,0,0,1,0,0,0,0,1,0,0,0,0,1,0,0,0,0,1,0,0,0,0,0,0,0,0,0,0,1
1,https://app.ativebonus.life,https://app.ativebonus.life/,1,1,0,0,0,0,0,0,0,0,0,0,0,0,0,1,0,0,0,0,1,0,0,0,0,1,0,0,0,0,1,0,0,0,0,0,0,0,0,0,0,1
1,https://app.ativebonus.pro,https://app.ativebonus.pro/,1,1,0,0,0,0,0,0,0,0,0,0,0,0,0,1,0,0,0,0,1,0,0,0,0,1,0,0,0,0,1,0,0,0,0,0,0,0,0,0,0,1
1,https://cashback.livelo-ponto.click/,https://cashback.livelo-ponto.click/,1,1,0,0,1,0,0,0,0,0,0,0,0,0,0,1,0,0,0,0,1,0,0,0,0,1,0,0,0,0,1,0,0,0,0,0,0,0,0,0,0,1
1,https://corretordecadastro.com/,https://corretordecadastro.com/,1,1,0,0,0,0,0,0,0,0,0,0,0,0,0,1,0,0,0,0,1,0,0,0,0,1,0,0,0,0,1,0,0,0,0,0,0,0,0,0,1,1
1,https://public.gensparkspace.com/api/files/s/dgHLyW6k,https://public.gensparkspace.com/api/files/s/dgHLyW6k,1,0,1,0,0,0,0,0,0,0,0,0,0,0,0,1,0,0,0,0,1,0,0,0,0,1,0,0,0,0,1,0,0,0,0,0,0,0,0,0,1,1
1,https://0.gravatar.com/avatar/3c6ecd4e90b1931cfcc710e4ce1b1580eba333f2929ea117201c6d70e9c03ddb?s=96&amp;d=identicon&amp;r=G,https://0.gravatar.com/avatar/3c6ecd4e90b1931cfcc710e4ce1b1580eba333f2929ea117201c6d70e9c03ddb?s=96&amp;d=identicon&amp;r=G,1,0,0,1,0,0,0,0,0,0,0,0,0,0,0,1,0,0,0,0,1,0,0,0,0,1,0,0,0,0,1,0,0,0,0,0,0,0,0,0,1,1
1,https://0.gravatar.com/avatar/3c6ecd4e90b1931cfcc710e4ce1b1580eba333f2929ea117201c6d70e9c03ddb,https://0.gravatar.com/avatar/3c6ecd4e90b1931cfcc710e4ce1b1580eba333f2929ea117201c6d70e9c03ddb,1,0,1,0,0,0,0,0,0,0,0,0,0,0,0,1,0,0,0,0,1,0,0,0,0,1,0,0,0,0,1,0,0,0,0,0,0,0,0,0,1,1
1,https://is.gd/WH1CN5,https://opt-out-limit.com/unsubscribe/pXCOtPOwNukWMr8q1vaIML98CVOrvL1scrgXwNz7dRsdY_8ItorfaLzenrERCSMHE0M48XuMSMsvQ_ClhACcAwCvJKWbczf0xrD96nbRkbOERmWC5ZT94YAiRauK7ggo94nSNKpUUUZh75PPmotAqw,1,0,0,1,1,0,0,0,0,0,0,0,0,0,0,1,0,0,0,0,0,1,0,0,0,1,0,0,0,0,1,0,0,0,0,0,0,0,0,0,1,1
1,https://scanned.page/D1zTaK,https://scanned.page/D1zTaK,1,1,0,0,0,1,0,0,0,0,0,0,0,0,0,1,0,0,0,0,0,1,0,0,0,1,0,0,0,0,1,0,0,0,0,0,0,1,0,0,0,1
1,https://ipfs.io/ipfs/bafkreihlo4h66gnp2mxusunekat54p6olixpb2pdr7ok7ddcgsls3qj7ke#x@x.com,https://ipfs.io/ipfs/bafkreihlo4h66gnp2mxusunekat54p6olixpb2pdr7ok7ddcgsls3qj7ke#x@x.com,1,0,1,0,1,0,0,0,0,0,0,0,0,0,0,1,0,0,0,0,1,0,0,0,0,1,0,0,0,0,1,0,0,0,0,0,0,0,0,0,1,1
1,https://gltfms.com/wp-config/log%20in.html?eta=x@x.com,https://gltfms.com/wp-config/log%20in.html?eta=x@x.com,1,0,1,0,1,0,0,0,0,0,0,0,0,0,0,1,0,0,0,0,1,0,0,0,0,1,0,0,0,0,1,0,0,0,0,0,0,0,0,0,1,0
1,https://kucooiinnlogin.webflow.io/,https://kucooiinnlogin.webflow.io/,1,1,0,0,0,0,0,0,0,0,0,0,0,0,0,1,0,0,0,0,0,1,0,0,0,1,0,0,0,0,1,0,0,0,0,0,0,0,0,0,1,1
1,https://trezorwalazt.webflow.io/,https://trezorwalazt.webflow.io/,1,1,0,0,0,0,0,0,0,0,0,0,0,0,0,1,0,0,0,0,0,1,0,0,0,1,0,0,0,0,1,0,0,0,0,0,0,0,0,0,0,1
1,https://kuokinlogon.webflow.io/,https://kuokinlogon.webflow.io/,1,1,0,0,0,0,0,0,0,0,0,0,0,0,0,1,0,0,0,0,0,1,0,0,0,1,0,0,0,0,1,0,0,0,0,0,0,0,0,0,0,1
1,https://kuucinnologin.webflow.io/,https://kuucinnologin.webflow.io/,1,1,0,0,0,0,0,0,0,0,0,0,0,0,0,1,0,0,0,0,0,1,0,0,0,1,0,0,0,0,1,0,0,0,0,0,0,0,0,0,0,1
1,https://kuicoxoinslogon.webflow.io/,https://kuicoxoinslogon.webflow.io/,1,1,0,0,0,0,0,0,0,0,0,0,0,0,0,1,0,0,0,0,0,1,0,0,0,1,0,0,0,0,1,0,0,0,0,0,0,0,0,0,1,1
1,https://l--start-ledger-oauth.webflow.io/,https://l--start-ledger-oauth.webflow.io/,1,1,0,0,1,0,0,0,0,0,0,0,0,0,0,1,0,0,0,0,0,1,0,0,0,1,0,0,0,0,1,0,0,0,0,0,0,0,0,0,0,1
1,https://kuucoinloginie.webflow.io/,https://kuucoinloginie.webflow.io/,1,1,0,0,0,0,0,0,0,0,0,0,0,0,0,1,0,0,0,0,0,1,0,0,0,1,0,0,0,0,1,0,0,0,0,0,0,0,0,0,1,1
1,https://kucuinlogne.webflow.io/,https://kucuinlogne.webflow.io/,1,1,0,0,0,0,0,0,0,0,0,0,0,0,0,0,1,0,0,0,0,1,0,0,0,1,0,0,0,0,1,0,0,0,0,0,0,0,0,0,0,1
1,https://kuucoenloginn.webflow.io/,https://kuucoenloginn.webflow.io/,1,1,0,0,0,0,0,0,0,0,0,0,0,0,0,1,0,0,0,0,0,1,0,0,0,1,0,0,0,0,1,0,0,0,0,0,0,0,0,0,1,1
1,https://spec-netc73b21c73b2151d2ceb74c276344ece3b372bba5b4dca7e5.weeblysite.com/,https://spec-netc73b21c73b2151d2ceb74c276344ece3b372bba5b4dca7e5.weeblysite.com/,1,0,1,0,1,0,0,0,0,0,0,0,0,0,0,1,0,0,0,0,1,0,0,0,0,1,0,0,0,0,1,0,0,0,0,0,0,0,0,0,1,0
1,https://ovvrxjj53.ukit.me/,https://ovvrxjj53.ukit.me/,1,1,0,0,0,1,0,0,0,0,0,0,0,0,0,0,1,0,0,0,1,0,0,0,0,1,0,0,0,0,1,0,0,0,0,0,0,0,0,0,0,1
1,https://e-gso-gov-vn.weebly.com/,https://e-gso-gov-vn.weebly.com/,1,1,0,0,1,0,0,0,0,0,0,0,0,0,0,0,1,0,0,0,1,0,0,0,0,1,0,0,0,0,1,0,0,0,0,0,0,0,0,0,1,0
1,https://refresh-infos.com/,https://refresh-infos.com/,1,1,0,0,1,0,0,0,0,0,0,0,0,0,0,1,0,0,0,0,1,0,0,0,0,1,0,0,0,0,1,0,0,0,0,0,0,0,0,0,1,1
1,https://refresh-infos.com/c/calcul.php,https://refresh-infos.com/c/calcul.php,1,1,0,0,1,0,0,0,0,0,0,0,0,0,0,1,0,0,0,0,1,0,0,0,0,1,0,0,0,0,1,0,0,0,0,0,0,0,0,0,1,1
1,https://kuucxionlognn.webflow.io/,https://kuucxionlognn.webflow.io/,1,1,0,0,0,1,0,0,0,0,0,0,0,0,0,1,0,0,0,0,0,1,0,0,0,1,0,0,0,0,1,0,0,0,0,0,0,0,0,0,0,1
1,http://buckavet-ca0d070917.s3.amazonaws.com/36fb96becc.html,http://buckavet-ca0d070917.s3.amazonaws.com/36fb96becc.html,0,0,1,0,1,0,0,0,0,0,0,0,0,0,0,1,0,0,0,0,1,0,0,0,0,1,0,0,0,0,1,0,0,0,0,0,0,0,0,0,1,1
1,https://nickmacdonald111.wixsite.com/my-site-1,https://nickmacdonald111.wixsite.com/my-site-1,1,1,0,0,1,0,0,0,0,0,0,0,0,0,0,1,0,0,0,0,0,1,0,0,0,1,0,0,0,0,1,0,0,0,0,0,0,1,0,0,1,0
1,https://abiodunariyo.wixstudio.com/sod726353,https://abiodunariyo.wixstudio.com/sod726353,1,1,0,0,0,0,0,0,0,0,0,0,0,0,0,0,1,0,0,0,0,1,0,0,0,1,0,0,0,0,1,0,0,0,0,0,0,1,0,0,1,0
1,https://app.biabonusclick.live/,https://app.biabonusclick.live/,1,1,0,0,0,0,0,0,0,0,0,0,0,0,0,1,0,0,0,0,1,0,0,0,0,1,0,0,0,0,1,0,0,0,0,0,0,0,0,0,0,1
1,https://credito-pic.webcindario.com/?fbclid=IwY2xjawOeX0pleHRuA2FlbQIxMABicmlkETFFc0s4VVc4UEIwVG5TZ2Fmc3J0YwZhcHBfaWQPNTQxNjM5NDkzODg5MDI1AAEeSFlA1Y86gMN5F9ZaGyGLYcatMtbrvGQVlCceASjrxkR_OHm5ZqWK5Ey92OU_aem_1G50e8933NET8DWLRw7FVA,https://credito-pic.webcindario.com/?fbclid=IwY2xjawOeX0pleHRuA2FlbQIxMABicmlkETFFc0s4VVc4UEIwVG5TZ2Fmc3J0YwZhcHBfaWQPNTQxNjM5NDkzODg5MDI1AAEeSFlA1Y86gMN5F9ZaGyGLYcatMtbrvGQVlCceASjrxkR_OHm5ZqWK5Ey92OU_aem_1G50e8933NET8DWLRw7FVA,1,0,0,1,1,0,0,0,0,0,0,0,0,0,0,1,0,0,0,0,1,0,0,0,0,1,0,0,0,0,1,0,0,0,0,0,0,0,0,0,1,1
1,https://podologuesaintpierre.fr/data/Suivi-Dossier-5003941002/redirect,https://podologuesaintpierre.fr/data/Suivi-Dossier-5003941002/redirect,1,0,1,0,1,0,0,0,0,0,0,0,0,0,0,1,0,0,0,0,1,0,0,0,0,1,0,0,0,0,1,0,0,0,0,0,0,0,0,0,0,1
1,https://www.podologuesaintpierre.fr/data/Suivi-Dossier-5003941002/redirect,https://www.podologuesaintpierre.fr/data/Suivi-Dossier-5003941002/redirect,1,0,1,0,1,0,0,0,0,0,0,0,0,0,0,1,0,0,0,0,1,0,0,0,0,1,0,0,0,0,1,0,0,0,0,0,0,0,0,0,0,1
1,https://2fqllg.share-eu1.hsforms.com/2N336FOivTbyYkLg6cCsEtg,https://2fqllg.share-eu1.hsforms.com/2N336FOivTbyYkLg6cCsEtg,1,0,1,0,1,0,0,0,0,0,0,0,0,0,0,1,0,0,0,0,1,0,0,0,0,1,0,0,0,0,1,0,0,0,0,0,0,0,0,0,1,0
1,https://subscribepage.io/OAMjzW,https://subscribepage.io/OAMjzW,1,1,0,0,0,0,0,0,0,0,0,0,0,0,0,1,0,0,0,0,1,0,0,0,0,1,0,0,0,0,1,0,0,0,0,0,0,1,0,0,0,0
1,https://muse.io/updatebtinternet-webmail-53ac04,https://muse.io/updatebtinternet-webmail-53ac04,1,1,0,0,1,1,0,0,0,0,0,0,0,0,0,0,1,0,0,0,1,0,0,0,0,1,0,0,0,0,1,0,0,0,0,0,0,1,0,0,1,0
1,https://2fqoql.share-eu1.hsforms.com/2RYcKO8lUT8KLI_w6Ore-iA,https://2fqoql.share-eu1.hsforms.com/2RYcKO8lUT8KLI_w6Ore-iA,1,0,1,0,1,0,0,0,0,0,0,0,0,0,0,1,0,0,0,0,1,0,0,0,0,1,0,0,0,0,1,0,0,0,0,0,0,0,0,0,1,0
1,https://chatbot.page/eBJNoW,https://chatbot.page/eBJNoW,1,1,0,0,0,1,0,0,0,0,0,0,0,0,0,1,0,0,0,0,0,1,0,0,0,1,0,0,0,0,1,0,0,0,0,0,0,1,0,0,0,1
1,https://chatbot.page/XjEIi6,https://chatbot.page/XjEIi6,1,1,0,0,0,1,0,0,0,0,0,0,0,0,0,1,0,0,0,0,0,1,0,0,0,1,0,0,0,0,1,0,0,0,0,0,0,1,0,0,0,1
1,https://web3assetsvaults.com/wallet1c0b.html,https://web3assetsvaults.com/wallet1c0b.html,1,1,0,0,0,0,0,0,0,0,0,0,0,0,0,1,0,0,0,0,1,0,0,0,0,1,0,0,0,0,1,0,0,0,0,0,0,0,0,0,1,0
1,http://allegro.pl-oferta7833346.rest,http://allegro.pl-oferta7833346.rest/,0,1,0,0,1,0,0,0,0,0,0,0,0,0,0,1,0,0,0,0,1,0,0,0,0,1,0,0,0,0,1,0,0,0,0,0,0,0,0,0,0,1
1,https://xji.acn.temporary.site/,https://xji.acn.temporary.site/cgi-sys/suspendedpage.cgi,1,0,1,0,1,0,0,0,0,0,0,0,0,0,0,1,0,0,0,0,1,0,0,0,0,1,0,0,0,0,1,0,0,0,0,0,0,0,0,0,0,1
1,https://clinquant-naiad-0a239f.netlify.app/,https://clinquant-naiad-0a239f.netlify.app/,1,1,0,0,1,0,0,0,0,0,0,0,0,0,0,1,0,0,0,0,1,0,0,0,0,1,0,0,0,0,1,0,0,0,0,0,0,0,0,0,1,1
1,http://arbiscan-com.webflow.io,https://arbiscan-com.webflow.io/,1,1,0,0,1,0,0,0,0,0,0,0,0,0,0,1,0,0,0,0,0,1,0,0,0,1,0,0,0,0,1,0,0,0,0,1,0,1,0,0,1,0
1,https://app.resgatesuasconquistas.sa.com/,https://app.resgatesuasconquistas.sa.com/,1,1,0,0,0,0,0,0,0,0,0,0,0,0,0,1,0,0,0,0,1,0,0,0,0,1,0,0,0,0,1,0,0,0,0,0,0,0,0,0,1,1
1,https://www.dropbox.com/scl/fo/of3s80xswzxurt1rp84cw/APBUn_IdQ1sugHHyA5aF9Eo,https://www.dropbox.com/scl/fo/of3s80xswzxurt1rp84cw/APBUn_IdQ1sugHHyA5aF9Eo,1,0,1,0,1,1,0,0,0,0,0,0,0,0,0,1,0,0,0,0,0,1,0,0,0,1,0,0,0,0,1,0,0,0,0,0,0,0,0,0,1,0
1,https://ipfs.io/ipfs/bafkreidwkmvfevreagm7fkietz3m32crnuderjz73tkfhdsvwzg6xqnu6u,https://ipfs.io/ipfs/bafkreidwkmvfevreagm7fkietz3m32crnuderjz73tkfhdsvwzg6xqnu6u,1,0,1,0,0,0,0,0,0,0,0,0,0,0,0,1,0,0,0,0,1,0,0,0,0,1,0,0,0,0,1,0,0,0,0,0,0,0,0,0,0,1
1,https://auth-wetransfer-com-4c95d-5d82f-6f882c.vercel.app/,https://auth-wetransfer-com-4c95d-5d82f-6f882c.vercel.app/,1,0,1,0,1,0,0,0,0,0,0,0,0,0,0,1,0,0,0,0,1,0,0,0,0,1,0,0,0,0,1,0,0,0,0,0,0,0,0,0,1,1
1,https://gregarious-genie-2295e4.netlify.app/,https://gregarious-genie-2295e4.netlify.app/,1,1,0,0,1,0,0,0,0,0,0,0,0,0,0,1,0,0,0,0,1,0,0,0,0,1,0,0,0,0,1,0,0,0,0,0,0,0,0,0,1,0
1,https://arealpro.com/wp-admin/network/.wp-files/odle/renew/,https://arealpro.com/wp-admin/network/.wp-files/odle/renew/,1,0,1,0,1,0,0,0,0,0,0,0,0,0,0,1,0,0,0,0,1,0,0,0,0,1,0,0,0,0,1,0,0,0,0,0,0,0,0,0,1,1
1,https://tpbpcommunitels234.framer.website/,https://tpbpcommunitels234.framer.website/,1,1,0,0,0,0,0,0,0,0,0,0,0,0,0,0,1,0,0,0,0,1,0,0,0,1,0,0,0,0,1,0,0,0,0,0,0,1,0,0,1,0
1,https://www.dropbox.com/scl/fo/of3s80xswzxurt1rp84cw/APBUn_IdQ1sugHHyA5aF9Eo?rlkey=hdki0ywhn2aeg0uape22st5wc&st=zjhpfhk6&dl=0,https://www.dropbox.com/scl/fo/of3s80xswzxurt1rp84cw/APBUn_IdQ1sugHHyA5aF9Eo?rlkey=hdki0ywhn2aeg0uape22st5wc&st=zjhpfhk6&dl=0,1,0,0,1,1,1,0,0,0,0,0,0,0,0,0,1,0,0,0,0,0,1,0,0,0,1,0,0,0,0,1,0,0,0,0,0,0,0,0,0,1,0
1,https://www.genspark.ai/api/files/s/R6qWh9MT,https://public.gensparkspace.com/api/files/s/R6qWh9MT,1,0,1,0,0,0,0,0,0,0,0,0,0,0,0,1,0,0,0,0,1,0,0,0,0,1,0,0,0,0,1,0,0,0,0,0,0,0,0,0,1,1
1,https://attyahooservice.makeweb.co/,https://attyahooservice.makeweb.co/,1,1,0,0,0,1,0,0,0,0,0,0,0,0,0,0,1,0,0,0,0,1,0,0,0,1,0,0,0,0,1,0,0,0,0,0,0,1,0,0,1,0
1,https://www.genspark.ai/api/files/s/lHxVEIMg,https://public.gensparkspace.com/api/files/s/lHxVEIMg,1,0,1,0,0,0,0,0,0,0,0,0,0,0,0,1,0,0,0,0,1,0,0,0,0,1,0,0,0,0,1,0,0,0,0,0,0,0,0,0,1,1
1,https://us7.campaign-archive.com/?u=5352d371aa211a925a99da61f&id=f4ece4af45,https://us7.campaign-archive.com/?u=5352d371aa211a925a99da61f&id=f4ece4af45,1,0,1,0,1,0,0,0,0,0,0,0,0,0,0,0,1,0,0,0,0,1,0,0,0,1,0,0,0,0,1,0,0,0,0,0,0,0,0,0,1,0
1,https://tr.ee/nEWb6A,https://glamswag.cmail19.com/t/j-u-sttihjy-hlltvthhr-k/#ggQZZDADEdas1wifi,1,0,1,0,1,0,0,0,0,0,0,0,0,0,0,1,0,0,0,0,1,0,0,0,0,1,0,0,0,0,1,0,0,0,0,0,0,0,0,0,1,1
1,https://t.co/x6p9F5yKGk,https://laurentrobert0769.wixsite.com/my-site,1,1,0,0,1,0,0,0,0,0,0,0,0,0,0,0,1,0,0,0,0,1,0,0,0,1,0,0,0,0,1,0,0,0,0,0,0,1,0,0,1,0
1,https://ofertashoppee.vercel.app/,https://shoppeofertas.vercel.app/,1,1,0,0,0,0,0,0,0,0,0,0,0,0,0,1,0,0,0,0,1,0,0,0,0,1,0,0,0,0,1,0,0,0,0,0,0,0,0,0,0,0
1,https://promobhd2025rd8fa64ac.xo.je/,https://promobhd2025rd8fa64ac.xo.je/,1,1,0,0,0,0,0,0,0,0,0,0,0,0,0,1,0,0,0,0,1,0,0,0,0,1,0,0,0,0,1,0,0,0,0,0,0,0,0,0,0,1
1,https://evonttttser-nosdharf50685449345745953086479pdf.vercel.app/?email=x@x.com,https://evonttttser-nosdharf50685449345745953086479pdf.vercel.app/?email=x@x.com,1,0,1,0,1,0,0,0,0,0,0,0,0,0,0,1,0,0,0,0,1,0,0,0,0,1,0,0,0,0,1,0,0,0,0,0,0,0,0,0,1,0
1,https://shop.hlus.ru/auth/,https://shop.hlus.ru/auth/,1,1,0,0,0,0,0,0,0,0,0,0,0,0,0,1,0,0,0,0,1,0,0,0,0,1,0,0,0,0,1,0,0,0,0,0,0,0,0,0,0,1
1,https://bafkreihgb6nwzsdnmk64f3f6g4sseh4m52sfmlpy5hctcyc4bogfyj4xly.ipfs.dweb.link/,https://bafkreihgb6nwzsdnmk64f3f6g4sseh4m52sfmlpy5hctcyc4bogfyj4xly.ipfs.dweb.link/,1,0,1,0,0,0,0,0,0,0,0,0,0,0,0,1,0,0,0,0,1,0,0,0,0,1,0,0,0,0,1,0,0,0,0,0,0,0,0,0,0,0
1,https://tinyurl.com/iuvjkjh,https://tinyurl.com/app/nospam/tinyurl.com/iuvjkjh,1,1,0,0,0,1,0,0,0,0,0,0,0,0,0,0,1,0,0,0,1,0,0,0,0,1,0,0,0,0,1,0,0,0,0,0,0,0,0,0,1,0
1,https://bradesco.corporativo.sa.com,https://bradesco.corporativo.sa.com/,1,1,0,0,0,0,0,0,0,0,0,0,0,0,0,1,0,0,0,0,1,0,0,0,0,1,0,0,0,0,1,0,0,0,0,0,0,0,0,0,1,1
1,https://realiza-protocolo.vercel.app/chat/index.html?cpf=02591773343&amp;utm_source=FB&amp;utm_medium=cj%257C120240985584050562&amp;utm_campaign=P4-C4-S2-R13v%2520%25E2%2580%2594%2520C%25C3%25B3pia%2520%25E2%2580%2594%2520C%25C3%25B3pia%257C120240985583540562&amp;utm_term=Instagram_Stories&amp;utm_content=ad%257C120240985584450562&amp;utm_id=120240985583540562&amp;fbclid=PAb21jcAOdG99leHRuA2FlbQEwAGFkaWQBqy6KFSjOwnNydGMGYXBwX2lkDzU2NzA2NzM0MzM1MjQyNwABp8jWHpbu9N8x54Iw7TcKNYfrvdNgt7j6nbVAEiPppgesJNX5ktImYBl39M2W_aem_qzz72__9dLT28-MDi9FxYA&amp;fbclid=PAZXh0bgNhZW0BMABhZGlkAasuihUozsJzcnRjBmFwcF9pZA81NjcwNjczNDMzNTI0MjcAAafI1h6W7vTfMeeCMO03CjWH673TYLe4-p21QBIj6aYHrCTV-ZLSJmAZd_TNlg_aem_qzz72__9dLT28-MDi9FxYA,https://realiza-protocolo.vercel.app/chat/index.html?cpf=02591773343&amp;utm_source=FB&amp;utm_medium=cj%257C120240985584050562&amp;utm_campaign=P4-C4-S2-R13v%2520%25E2%2580%2594%2520C%25C3%25B3pia%2520%25E2%2580%2594%2520C%25C3%25B3pia%257C120240985583540562&amp;utm_term=Instagram_Stories&amp;utm_content=ad%257C120240985584450562&amp;utm_id=120240985583540562&amp;fbclid=PAb21jcAOdG99leHRuA2FlbQEwAGFkaWQBqy6KFSjOwnNydGMGYXBwX2lkDzU2NzA2NzM0MzM1MjQyNwABp8jWHpbu9N8x54Iw7TcKNYfrvdNgt7j6nbVAEiPppgesJNX5ktImYBl39M2W_aem_qzz72__9dLT28-MDi9FxYA&amp;fbclid=PAZXh0bgNhZW0BMABhZGlkAasuihUozsJzcnRjBmFwcF9pZA81NjcwNjczNDMzNTI0MjcAAafI1h6W7vTfMeeCMO03CjWH673TYLe4-p21QBIj6aYHrCTV-ZLSJmAZd_TNlg_aem_qzz72__9dLT28-MDi9FxYA,1,0,0,1,1,0,0,0,0,0,0,0,0,0,0,1,0,0,0,0,1,0,0,0,0,1,0,0,0,0,1,0,0,0,0,0,0,0,0,0,1,1
1,https://spid.sviluppo.host/,https://spid.sviluppo.host/,1,1,0,0,0,0,0,0,0,0,0,0,0,0,0,1,0,0,0,0,1,0,0,0,0,1,0,0,0,0,1,0,0,0,0,0,0,0,0,0,0,0
1,https://nubis-validado.vercel.app/,https://nubis-validado.vercel.app/,1,1,0,0,1,0,0,0,0,0,0,0,0,0,0,1,0,0,0,0,1,0,0,0,0,1,0,0,0,0,1,0,0,0,0,0,0,0,1,0,0,1
1,https://shared.outlook.inky.com/link?domain=winmarkethinfos.com&amp;t=h.eJxVjssOgjAURH_FdG1o7-0LWPErBW4pKRRTaowx_rt24cLtnJmcebF73lh_YaGU29lz_ljT7nKkEtbkj7OZjp1dLyzWTqJy5AWERKsA-UwuJTeMIZzBRcrktvKsA65UNyGhMoCz1mjQeD8KL1tvWilb4GCNsgatsM0XagtYJVQlxWWK0HVaGIHDsrt1-52YK_9LSv0O7w-v6Dmk.MEUCIQCBRa6UbPU85LKrLM0CayMNkOhN5E5mejPQ7IRZFOnahQIgd747kx99OQmt2_WXc9BSWpPscAHAywSJvavz69-zgNg,https://shared.outlook.inky.com/link?domain=winmarkethinfos.com&amp;t=h.eJxVjssOgjAURH_FdG1o7-0LWPErBW4pKRRTaowx_rt24cLtnJmcebF73lh_YaGU29lz_ljT7nKkEtbkj7OZjp1dLyzWTqJy5AWERKsA-UwuJTeMIZzBRcrktvKsA65UNyGhMoCz1mjQeD8KL1tvWilb4GCNsgatsM0XagtYJVQlxWWK0HVaGIHDsrt1-52YK_9LSv0O7w-v6Dmk.MEUCIQCBRa6UbPU85LKrLM0CayMNkOhN5E5mejPQ7IRZFOnahQIgd747kx99OQmt2_WXc9BSWpPscAHAywSJvavz69-zgNg,1,0,0,1,1,1,0,0,0,0,0,0,0,0,0,1,0,0,0,0,0,1,0,0,0,1,0,0,0,0,1,0,0,0,0,0,0,0,0,0,1,1
1,https://tinyurl.com/32rry8dn,https://tinyurl.com/app/nospam/tinyurl.com/32rry8dn,1,0,1,0,0,1,0,0,0,0,0,0,0,0,0,0,1,0,0,0,1,0,0,0,0,1,0,0,0,0,1,0,0,0,0,0,0,0,0,0,1,0
1,https://tinyurl.com/33cn35xh,https://tinyurl.com/app/nospam/tinyurl.com/33cn35xh,1,0,1,0,0,1,0,0,0,0,0,0,0,0,0,0,1,0,0,0,1,0,0,0,0,1,0,0,0,0,1,0,0,0,0,0,0,0,0,0,1,0
1,http://ladger-livelogin-us-cdn.vercel.app,https://ladger-livelogin-us-cdn.vercel.app/,1,1,0,0,1,0,0,0,0,0,0,0,0,0,0,1,0,0,0,0,1,0,0,0,0,1,0,0,0,0,1,0,0,0,0,0,0,0,0,0,0,0
1,http://srv244072.hoster-test.ru/lw/login.htm,http://srv244072.hoster-test.ru/lw/login.htm,0,1,0,0,1,0,0,0,0,0,0,0,0,0,0,1,0,0,0,0,1,0,0,0,0,1,0,0,0,0,1,0,0,0,0,0,0,0,0,0,0,0
1,https://kalection.com/abnb/rooms-3828330/login_email.html,https://kalection.com/abnb/rooms-3828330/login_email.html,1,0,1,0,1,0,0,0,0,0,0,0,0,0,0,1,0,0,0,0,1,0,0,0,0,1,0,0,0,0,1,0,0,0,0,0,0,1,1,0,1,0
1,https://212-227-48-175.cprapid.com/de/update.php,https://212-227-48-175.cprapid.com/de/update.php,1,1,0,0,1,0,0,0,0,0,0,0,0,0,0,1,0,0,0,0,1,0,0,0,0,1,0,0,0,0,1,0,0,0,0,0,0,0,0,0,1,0
